ID,Title,Trailer ID,Status Code,Release Year
45,How to Train Your Dragon,2AKsAxrhqgM,403,2010
52,Letters to God,teh6phrrxPQ,403,2010
71,Robin Hood,fQ6zXDSgwIY,403,2010
75,Shrek Forever After,Ma9oseKpj9g,403,2010
83,Survival of the Dead,iOj3Wjr5eao,403,2009
94,Toy Story 3,JcpWXaA2qeg,403,2010
105,Despicable Me,zzCZ1W_CUoI,403,2010
112,Standing Ovation,yW0BCzM35vg,403,2010
125,Middle Men,8Hm9lsrXjAM,403,2009
153,Legend of the Guardians: The Owls of Ga'Hoole,0c5gYg3adeI,403,2010
178,Megamind,ead9HCX9fe4,403,2010
179,Transformers: Revenge of the Fallen,fnXzKwUgDhg,403,2009
191,Tangled,ycoY201RTRo,403,2010
244,Diary of a Wimpy Kid: Rodrick Rules,Lg1XhawXPAE,403,2011
247,Hop,VBR3jDS-Ad4,403,2011
276,Kung Fu Panda 2,FQ63rqSRrEI,403,2011
283,Judy Moody and the Not Bummer Summer,j7yoiXFUCcs,403,2011
288,Mr. Popper's Penguins,Y3cSmpfsl9c,403,2011
291,Cars 2,oFTfAdauCOo,403,2011
299,Winnie the Pooh,QbFz--GCkOM,403,2011
307,The Smurfs,yhBpgqXwrt8,403,2011
322,Seven Days in Utopia,C0oUpqz2FJk,403,2011
356,Puss in Boots,1esRrwrmWzA,403,2011
365,Happy Feet Two,wbWzQtHzD1c,403,2011
368,Arthur Christmas,7tk-WZSqIGQ,403,2011
370,The Muppets,C4YhbpuGdwQ,403,2011
380,Alvin and the Chipmunks: Chipwrecked,-dOc_fqmcZo,403,2011
411,Journey 2: The Mysterious Island,IVX7OidrkXQ,403,2012
419,The Lorax,dNMBVVdrMKo,403,2012
432,Wrath of the Titans,IHHPPX6dnYU,403,2012
439,Chimpanzee,KokQL4aLfrI,403,2012
463,Madagascar 3: Europe's Most Wanted,laNiRXqh82Q,403,2012
466,Rock of Ages,jbvzQLMqfH0,403,2012
470,Brave,TEHWDA_6e3M,403,2012
483,Ice Age: Continental Drift,xz-KgMtU_BM,403,2012
489,Diary of a Wimpy Kid: Dog Days,NLRYN8wPF1M,403,2012
497,ParaNorman,hgwSpajMw3s,403,2012
505,The Oogieloves in the Big Balloon Adventure,Z2zgHbFE4lg,403,2012
521,Hotel Transylvania,q4RK3jY7AVk,403,2012
544,Wreck-It Ralph,87E6N7ToCxs,403,2012
547,Skyfall,6kw1UVovByw,403,2012
553,Rise of the Guardians,aPLiBxhoug0,403,2012
562,Zero Dark Thirty,LJFra3B9sbA,403,2012
594,Escape from Planet Earth,gkJXlIPPYe0,403,2013
607,The Croods,4fVCKy69zUY,403,2013
610,G.I. Joe: Retaliation,2vAo4rJPqQ4,403,2013
626,What Maisie Knew,sRLJo6EcxBQ,403,2012
636,Epic,BJVkoq_wK80,403,2013
649,Monsters University,QxrQ6BaijAY,403,2013
655,Despicable Me 2,TlbnGSMJQbQ,403,2013
671,The Smurfs 2,t0TJDEY3u9Y,403,2013
679,Planes,YRjztG65XgI,403,2013
729,Frozen,FLzfXQSPBOg,403,2013
740,Walking with Dinosaurs,P7lBKBxIwGM,403,2013
751,The Nut Job,fq4qP2oSpIA,403,2014
756,The Lego Movie,fZ_JOBCLF-I,403,2014
770,Mr. Peabody & Sherman,aMl2tTVwsZA,403,2014
778,Muppets Most Wanted,gE5RF4wiueQ,403,2014
785,Rio 2,leJuOObuCxM,403,2014
796,Million Dollar Arm,lEtNIoPxcq8,403,2014
799,Maleficent,JIIgXEGAZgE,403,2014
805,How to Train Your Dragon 2,2BP38770KNo,403,2014
821,Planes: Fire & Rescue,ibAxkCJfvC4,403,2014
835,Teenage Mutant Ninja Turtles,OdgNSJiWJTo,403,2014
847,Dolphin Tale 2,gMDymk_gx3A,403,2014
855,The Boxtrolls,Q2dFVnp5K0o,403,2014
862,"Alexander and the Terrible, Horrible, No Good, Very Bad Day",Z_dideF5qvk,403,2014
867,The Book of Life,_i69CJc1BgE,403,2014
869,Dear White People,JMgWMzbM2Pk,403,2014
876,Big Hero 6,z3biFxZIJOQ,403,2014
885,Penguins of Madagascar,4jsFpmFWOSs,403,2014
897,Into the Woods,7pjy5MK1X70,403,2014
910,Black or White,1ZwN85UJqAQ,403,2014
916,The SpongeBob Movie: Sponge Out of Water,4zoI4L4x1i0,403,2015
924,"McFarland, USA",74eJaVQFybI,403,2015
931,Cinderella,20DF6U1HcGQ,403,2015
941,Home,MyqZf8LiWvM,403,2015
964,Tomorrowland,lWZ7O-RrATY,403,2015
974,Minions,eisKxhjBnZ0,403,2015
1007,Hotel Transylvania 2,T3nqmGgnJe8,403,2015
1026,Jem and the Holograms,pifhszsZKg4,403,2015
1035,The Peanuts Movie,zQpUQPrAfQM,403,2015
1045,The Good Dinosaur,O-RgquKVTPE,403,2015
1050,Alvin and the Chipmunks: The Road Chip,UI_nj4NXpoQ,403,2015
1063,Norm of the North,u8A_F5oYJGI,403,2016
1067,Kung Fu Panda 3,10r9ozshGVE,403,2016
1082,Zootopia,jWM0ct-OLsM,403,2016
1106,The Jungle Book,C4qgAaxB_pc,403,2016
1115,Ratchet & Clank,bvWRilQ9lnI,403,2016
1119,The Angry Birds Movie,QRmKa7vvct4,403,2016
1123,Alice Through the Looking Glass,anvGUW-vsLE,403,2016
1124,Teenage Mutant Ninja Turtles: Out of the Shadows,3CKgLNGfdSM,403,2016
1130,Finding Dory,JhvrQeY3doI,403,2016
1138,The BFG,GZ0Bey4YUGI,403,2016
1140,The Secret Life of Pets,i-80SGWfEjM,403,2016
1158,Kubo and the Two Strings,qZefKaANfe0,403,2016
1173,Storks,tF6jd0-xRrI,403,2016
1177,Masterminds,zIkzuXDhCcQ,403,2016
1183,Max Steel,Tf4sa0BVJVw,403,2016
1192,Trolls,xyjm5VQ11TQ,403,2016
1194,Loving,bQMF5MSohPA,403,2016
1200,Moana,LKFuXETZUsI,403,2016
1212,Sing,9qPgK_u4vX8,403,2016
1227,A Dog's Purpose,1jLOOCADTGs,403,2017
1232,Growing Up Smith,i3oAw68dSoQ,403,2015
1233,The Lego Batman Movie,h6DOpfJzmo0,403,2017
1241,Rock Dog,kGsUHbq3yUY,403,2016
1248,Beauty and the Beast,e3Nl_TCQXuw,403,2017
1255,The Boss Baby,k397HRbTtWI,403,2017
1258,Smurfs: The Lost Village,vu1qZCG6Yo8,403,2017
1268,The Promise,zwut1DUXaZc,403,2016
1279,Diary of a Wimpy Kid: The Long Haul,r7PLDbPPL7w,403,2017
1284,Captain Underpants: The First Epic Movie,VDm_2m-Hg6c,403,2017
1288,Cars 3,2LeOH9AGJQM,403,2017
1299,Despicable Me 3,6DBi41reeF0,403,2017
1314,Kidnap,cLD83jvbyz4,403,2017
1331,The Lego Ninjago Movie,sZSYYiATFTI,403,2017
1340,My Little Pony: The Movie,aeQe_mZcyf8,403,2017
1368,Coco,xlnPHQ3TLX8,403,2017
1369,Call Me by Your Name,Z9AYPxH5NTM,403,2017
1376,Ferdinand,HBXVM7oUPVk,403,2017
1379,The Greatest Showman,AXCTMGYUg9A,403,2017
1451,Incredibles 2,i5qOzqD9Rms,403,2018
1462,Hotel Transylvania 3: Summer Vacation,Ku52zNnft8k,403,2018
1471,Teen Titans Go! To the Movies,r9WhJyyTtqo,403,2018
1472,Christopher Robin,0URpDxIjZrQ,403,2018
1529,The Grinch,vjnqABgxfO0,403,2018
1544,Spider-Man: Into the Spider-Verse,g4Hbz2jLxvQ,403,2018
1562,The Kid Who Would Be King,Cg-h8TwQCgs,403,2019
1565,The Lego Movie 2: The Second Part,cksYkEzUa7k,403,2019
1572,How to Train Your Dragon: The Hidden World,SkcucKDrbOI,403,2019
1578,Nancy Drew and the Hidden Staircase,knPrLVBn93w,403,2019
1593,Missing Link,-6jCNhebfg8,403,2019
1602,UglyDolls,qjoomsFNgwg,403,2019
1603,Pok√©mon Detective Pikachu,1roy4o4tqQM,403,2019
1616,The Secret Life of Pets 2,mYocfuqu2A8,403,2019
1621,Toy Story 4,wmiIUN-7qhE,403,2019
1631,The Lion King,7TavVZMewpY,403,2019
1639,The Angry Birds Movie 2,RSKQ-lVsMdg,403,2019
1655,Abominable,Ap0NRJD-2ts,403,2019
1687,Frozen 2,Zi4LMpSDccc,403,2019
1703,Spies in Disguise,A05s7OM-8Oc,403,2019
1727,Onward,gn5QmllRCn4,403,2020
1734,Trolls World Tour,yP86-TR6IME,403,2020
1737,Scoob!,C9U_v_KuEb4,403,2020
1748,The SpongeBob Movie: Sponge on the Run,hXNisXWt_2w,403,2020
1763,A Rainy Day in New York,yIVRldiVDL8,403,2019
1776,Fatman,y2IDILXUE-k,403,2020
1780,The Croods: A New Age,GkXeVIfbJOw,403,2020
1803,Tom & Jerry,kP9TfCWaQT4,403,2021
1821,Spirit Untamed,9jG1nnQGpdI,403,2021
1825,Wish Dragon,uWIRyU5fuzU,403,2021
1834,The Boss Baby: Family Business,QPzy8Ckza08,403,2021
1892,Sing 2,EPZu5MA2uqI,403,2021
1900,Hotel Transylvania: Transformania,7AP86CYeR30,403,2022
1922,Sonic the Hedgehog 2,G5kzUpWAusI,403,2022
1927,The Bad Guys,m8Xt0yXaDPU,403,2022
1934,Chip 'n Dale: Rescue Rangers,mKEgYkoZh60,403,2022
1939,Lightyear,BwZs3H_UN3k,403,2022
1942,Minions: The Rise of Gru,6DxjJzmYsXo,403,2022
1991,Puss in Boots: The Last Wish,RqrXhwS33yc,403,2022
