ID,Title,Trailer ID
0,Daybreakers,U6NmZS9CTKE
1,Leap Year,HrlQBsd8LsE
2,Youth in Revolt,1gBnVf130uU
3,Wonderful World,n2_4asPVgOQ
4,The Book of Eli,zSMHmtaoXtI
5,The Spy Next Door,fa2RZf0m39g
6,Fish Tank,_u6pg8fuSB4
7,Extraordinary Measures,cmnMdwYAhTY
8,Legion,P6p01-in6-k
9,Tooth Fairy,JqnjK79fGSw
10,The Girl on the Train,TyZvFLRpRew
11,To Save a Life,1o56pazEh-Q
12,Edge of Darkness,hVOH8xrCI9I
13,When in Rome,5oImkzL6o_o
14,Preacher's Kid,yNbXH34dIOw
15,Saint John of Las Vegas,aPTm_TyCULk
16,Ajami,Q6M-ng9XLyU
17,Dear John,r0fq5dd0C60
18,From Paris with Love,nrcej3bN8QA
19,District 13: Ultimatum,jDDFNpj9xBQ
20,Shinjuku Incident,tY0jZIeuFAc
21,Percy Jackson & the Olympians: The Lightning Thief,R86InkfdboA
22,Valentine's Day,1K45RdE2qlk
23,The Wolfman,5JB1NY2xut8
24,Lourdes,4Dw0blEi9YA
25,The Ghost Writer,B3NrIz5lwVo
26,Shutter Island,v8yrZSkKxTA
27,The Good Guy,3rE3mPAtnWA
28,Cop Out,22RvcEgrpnE
29,The Crazies,J7w9uWFIMBs
30,Formosa Betrayed,2KbAGhECVZE
31,A Prophet,l69ARbQt-Ko
32,Alice in Wonderland,9POCgSRVvf0
33,Brooklyn's Finest,HUMC8rh6uuE
34,Green Zone,e3KJ21TLKVE
35,Remember Me,oRUo4cWejYM
36,She's Out of My League,3F0XwZex1jQ
37,Monsters,Ol6j9xlQN1w
38,The Bounty Hunter,KSTJsjEaUaw
39,Diary of a Wimpy Kid,VKhCPUa-glo
40,Repo Men,P0LkMrPMMhw
41,City Island,wuQam8fRJrI
42,Greenberg,cwdliqOGTLw
43,The Runaways,atUDd3ST3ko
44,Hot Tub Time Machine,EM0VwEkxWTg
45,How to Train Your Dragon,2AKsAxrhqgM
46,Chloe,QZ8x8mORPmg
47,The Last Song,l6Q07mI1EUc
48,Clash of the Titans,z7cEL6n24d4
49,Why Did I Get Married Too?,H0IgfAs3tWg
50,The Greatest,TfjNuq9Yq3s
51,Date Night,aspBKFz2dBI
52,Letters to God,teh6phrrxPQ
53,The Black Waters of Echo's Pond,nw2xETTjQZ0
54,Death at a Funeral,LkbR3nQqcrk
55,Kick-Ass,2rpXHqnGDXo
56,The City of Your Final Destination,ZUIN-58F0vc
57,The Joneses,102fYNaBogE
58,Oceans,uXLbQrK6cXw
59,The Back-up Plan,cut4IW0oz1w
60,The Losers,PXAy4p9RVq0
61,Boogie Woogie,2SzNnR6OElw
62,Furry Vengeance,FQAx4_So3UE
63,A Nightmare on Elm Street,ZuYoEtEI_go
64,Freakonomics,03FwPdQ4Gew
65,Harry Brown,-ubzuRLiIpE
66,Please Give,KNbPnqyvItk
67,Iron Man 2,BoohRoVA9WQ
68,Mother and Child,PyWFxUkPpag
69,Just Wright,ZHYSeSAXQf4
70,Letters to Juliet,8j0qMY-LeKM
71,Robin Hood,fQ6zXDSgwIY
72,Here and There,N-ewaCVARtM
73,Princess Kaiulani,YyIUR7TXldg
74,MacGruber,PKYrghKwu2E
75,Shrek Forever After,Ma9oseKpj9g
76,John Rabe,eTR97Yvspx4
77,Kites,rezNHSKgDH0
78,Solitary Man,lm95_LnjUJQ
79,Sex and the City 2,pY7sAJm8Fuk
80,Prince of Persia: The Sands of Time,bZ7Li5w2I-k
81,Father of My Children,kCtbh6tbGLQ
82,Micmacs,TjKW0tG7I8s
83,Survival of the Dead,iOj3Wjr5eao
84,Get Him to the Greek,scixoG_Tzdo
85,Killers,jE-i7GnoCCA
86,Marmaduke,AXXzwy7lDtI&t=7s
87,Splice,8pIeSYhipUs
88,Ondine,rs8DiJaLhlY
89,The A-Team,II3O4FUoSho
90,The Karate Kid,XY8amUImEu0
91,Coco Chanel & Igor Stravinsky,O8yVI81zGXI
92,Winter's Bone,bE_X2pDRXyY
93,Jonah Hex,GVukfleQl_c
94,Toy Story 3,JcpWXaA2qeg
95,8: The Mormon Proposition,ezwIZo-hKiI
96,Cyrus,0G0bYpMQ-fI
97,I Am Love,0NjA8CIDvZ8
98,The Killer Inside Me,1I4rDHxzeCg
99,Knight and Day,JGPl86DBNNs
100,Grown Ups,e01NVCveGkg
101,Wild Grass,rm_f1DOhidI
102,The Twilight Saga: Eclipse,kX2DKZcDM-o
103,Love Ranch,ueoXN7TK47k
104,The Last Airbender,-egQ79OrYCs
105,Despicable Me,zzCZ1W_CUoI
106,Predators,uzqYqoVoU74
107,The Kids Are All Right,RixlpHKfb6M
108,Rec 2,GGKNxtZLXIE
109,Valhalla Rising,Es-CEAWXcfw
110,The Sorcerer's Apprentice,v2uV0_1C4UM
111,Inception,YoHD9XEInc0
112,Standing Ovation,yW0BCzM35vg
113,Ramona and Beezus,VP5FW5KA6Go
114,Salt,QZ40WlshNwU
115,Farewell,R8MHdj86Ye8
116,Life During Wartime,b5Gu30hb6mc
117,Cats & Dogs: The Revenge of Kitty Galore,jK6suPB_vTk
118,Charlie St. Cloud,KyplZ7b7UfY
119,Dinner for Schmucks,CVY_IRA8NTw
120,The Extra Man,etxKmplTT9Q
121,Get Low,C25TG5kLJGw
122,Flipped,q40GxY5n2Dg
123,The Other Guys,D6WOoUG1eNo
124,Step Up 3D,67dBhEZusPI
125,Middle Men,8Hm9lsrXjAM
126,Twelve,NcDW-eZOz1k
127,Eat Pray Love,mjay5vgIwt4
128,The Expendables,8KtYRALe-xo
129,Scott Pilgrim vs. the World,7wd5KEaOtm4
130,Animal Kingdom,YNszOl14AWg
131,Vampires Suck,Gw1oGbdXzoU
132,Lottery Ticket,N2u5JvA5sCs
133,Nanny McPhee and the Big Bang,54xMw6eouOM
134,Piranha,p7ezzRGIpH4
135,The Switch,sTDzGVO-C38
136,The Army of Crime,8qJy8AZNFbs
137,The Last Exorcism,F3cI0pArMA0
138,Takers,Z1JXKCProqA
139,Avatar,5PSNL1qE6VY
140,Centurion,KOZs2_i_cDE
141,The American,hPYRslx1w4Y
142,Going the Distance,hU4YbHeoYGs
143,Machete,GuDF9CEtFwE
144,Resident Evil: Afterlife,SRRN6MvCdeg
145,Never Let Me Go,sXiRZhDEo8A
146,Alpha and Omega,F6hpN2t7_lc
147,Devil,wYy7igKD21A
148,Easy A,KNbPnqyvItk
149,The Town,WcXt9aUMbBk
150,Catfish,BuE98oeL-e0
151,Leaves of Grass,RR4syp8Nhs8
152,You Will Meet a Tall Dark Stranger,BMOpyl14mII
153,Legend of the Guardians: The Owls of Ga'Hoole,0c5gYg3adeI
154,Wall Street: Money Never Sleeps,HcMFA2SHES4
155,You Again,2J2D95nGGuo
156,Case 39,Cd9t9yHK7Mw
157,Let Me In,x3guLR8aBpU
158,The Social Network,lB95KLmpLR4
159,It's Kind of a Funny Story,uXU3BDvq-sQ
160,Life as We Know It,AEa9kbnyzEE
161,My Soul to Take,LjOibAVPQKk
162,Secretariat,UKmuvjL2cVw
163,I Spit on Your Grave,k-66qwVmJy0
164,Inside Job,FzrBurlJUNk
165,Stone,evhh3NE3fyw
166,Wild Target,PmS3ePcA6VU
167,Jackass 3D,WxOGwCH9nTM
168,Red,-JZ_moituIo
169,Conviction,NrPtr0aQx3s
170,Hereafter,toJPUHh3EKI
171,Paranormal Activity 2,ftD6rIAR-Hw
172,Saw 3D,WXgdG7zl31k
173,The Girl Who Kicked the Hornets' Nest,daAePcTW9zw
174,Crayon,AXl-3Vjq47g
175,Due Date,1p3NnJ_oiE0
176,Fair Game,bS1KKrG4nsM
177,For Colored Girls,LNdIMakUhVQ
178,Megamind,ead9HCX9fe4
179,Transformers: Revenge of the Fallen,fnXzKwUgDhg
180,127 Hours,OlhLOWTnVoQ
181,Guy and Madeline on a Park Bench,3xT8QGWHxRk
182,Five Minarets in New York,fQTUcCIU_yw
183,Morning Glory,8l6-XZZIvGo
184,Skyline,mnoW5-DmIUM
185,Unstoppable,fyuoIqeL-bc
186,Harry Potter and the Deathly Hallows – Part 1,MxqsmsA8y5k
187,The Next Three Days,p4z8XM6oTm8
188,Burlesque,_KqN85L-Vzk
189,Faster,XDBeFAlgjio
190,Love & Other Drugs,h6w7Dh-QxzY
191,Tangled,ycoY201RTRo
192,The Nutcracker in 3D,dgv6W7xkomk
193,The King's Speech,EcxBrTvLbBM
194,Black Swan,5jaI1XOB-bs
195,I Love You Phillip Morris,wzWB9KHgaiE
196,The Warrior's Way,Kq64CHaV8yA
197,The Chronicles of Narnia: The Voyage of the Dawn Treader,AON1-Ox-Llc
198,The Tourist,5R0vcopCNG0
199,The Tempest,opjhs1mgd1s
200,The Fighter,LRIZ4mCi5Ps
201,How Do You Know,8u_gSd9eIO8
202,Tron: Legacy,L9szn1QQfas
203,Yogi Bear,9iyYTz0Bh0Y
204,Casino Jack,Lg12GW49TOQ
205,Rabbit Hole,8V5904uauqg
206,Little Fockers,CIUpb2aQ5rM
207,True Grit,Q5fEgKj9QNs
208,Somewhere,iEga7Hz9a3U
209,Country Strong,UhHRlpLuU7A
210,Gulliver's Travels,J-wXbyEQ5TM
211,The Illusionist,BMqpU7lUlLg
212,Another Year,HrlQBsd8LsE
213,Biutiful,3WzJcwGA6YM
214,Blue Valentine,aILx69WrRhQ
215,Barney's Version,Eo-0k5rkUeo
216,The Green Hornet,PMA-taGtfXs
217,No Strings Attached,uyeRTTTDVQI
218,The Mechanic,39L8egLr518
219,The Rite,nPtuzw1PXgU
220,The Roommate,7NX30f8b1Oo
221,Sanctum,OgW7L2uq2VM
222,Waiting for Forever,4YM3qJWiq-E
223,The Eagle,3TLYO2I5kgw
224,Gnomeo & Juliet,qIlr2aR-Vhk
225,Just Go with It,fpj7i2CPt8M
226,Justin Bieber: Never Say Never,EdE5EgL4_3Q
227,Mooz-lum,V4axp5V_j6E
228,"Big Mommas: Like Father, Like Son",0bnDBexQ-Yw
229,I Am Number Four,XR2QSlHpKg4
230,Unknown,vSXUgkCjdBM
231,Drive Angry,CNEGBSUVWqY
232,Hall Pass,1JMCvX6qXuo
233,The Adjustment Bureau,fSeWHl1PaKs
234,Beastly,vum62JOVuwY
235,Rango,k-OOfW6wWyQ
236,Take Me Home Tonight,5gYL9znVmGs
237,Battle: Los Angeles,Yt7ofokzn04
238,Mars Needs Moms,yBFUAW6jC_M
239,Red Riding Hood,oMoY1Ra_wyg
240,Limitless,4TLppsfzQH8
241,The Lincoln Lawyer,IFwE3UgCMIk
242,Paul,BJxlNYb8sJQ
243,Win Win,ci_I6n2j5Uw
244,Diary of a Wimpy Kid: Rodrick Rules,Lg1XhawXPAE
245,Sucker Punch,XAnnWoXD2tI
246,Insidious,zuZnRUcoWos
247,Hop,VBR3jDS-Ad4
248,Source Code,1HCsSOuDS7Y
249,Super,tLj_Bzw8n90
250,Trust,RlXj9VGHDaM
251,Arthur,XoJN7k1BMYg
252,Hanna,u73CLdHpbNk
253,Henry's Crime,H0ICsuu_v3U
254,Soul Surfer,_KlpD6dr7Qw
255,Your Highness,1nB2pWEW9yw
256,Atlas Shrugged: Part I,1UaZx_DIKgI
257,The Conspirator,CmoESMxbIIY
258,Rio,P1GRO31ve5Q
259,Scream 4,JKRtyVLWV-E
260,African Cats,cyw5KiT0tM0
261,Madea's Big Happy Family,bExi5_p28Mo
262,POM Wonderful Presents: The Greatest Movie Ever Sold,92fOw-bQ12Y
263,Water for Elephants,OOPHFQZ5aiM
264,Dylan Dog: Dead of Night,lAvh0p0tzjc
265,Fast Five,vcn2GOuZCKI
266,Hoodwinked Too! Hood vs. Evil,rNyi3FqmzPI
267,Prom,4YziwpXjY2o
268,The Beaver,6pqX9H2ldbg
269,Hobo with a Shotgun,XJF-gQVlXs4
270,Jumping the Broom,QsfB725SZuU
271,Something Borrowed,U2p1u13R-eE
272,Thor,JOddp-nlNvQ
273,Bridesmaids,FNppLrmdyug
274,Midnight in Paris,FAfR8omt-CY
275,Pirates of the Caribbean: On Stranger Tides,0BXCVe8Yww4
276,Kung Fu Panda 2,FQ63rqSRrEI
277,The Hangover Part II,ohF5ZO_zOYU
278,The Tree of Life,RrAz1YLh8nY
279,Beginners,e1zZYMKGw2M
280,Submarine,Z2xDk4LwBl0
281,X-Men: First Class,UrbHykKUfTM
282,The Lion of Judah,BvaFY3ESQjk
283,Judy Moody and the Not Bummer Summer,j7yoiXFUCcs
284,Road to Nowhere,f5hyFPC96Pw
285,Super 8,t-0XuYxh67w
286,The Art of Getting By,OeXaehdeNPo
287,Green Lantern,7-GO9fo9DtM
288,Mr. Popper's Penguins,Y3cSmpfsl9c
289,A Better Life,A2agEMk6t_c
290,Bad Teacher,GahC5cVsU6A
291,Cars 2,oFTfAdauCOo
292,Transformers: Dark of the Moon,E-Sg_zJrDxc
293,Monte Carlo,X0n3Q_VDQk8
294,The Perfect Host,MVe62FZMYAE
295,Rapt,J4wddiQNR1U
296,Horrible Bosses,VpUeQV8sdOc
297,Zookeeper,krvwtRbK5nM
298,Harry Potter and the Deathly Hallows – Part 2,mObK5XD8udk
299,Winnie the Pooh,QbFz--GCkOM
300,Another Earth,N8hEwMMDtFY
301,Captain America: The First Avenger,JerVrbLldXw
302,Friends with Benefits,4rdZAsM4o-s
303,Cowboys & Aliens,5HsSonHZFnI
304,"Crazy, Stupid, Love.",8iCwtxJejik
305,The Devil's Double,2-MsGEWFiYg
306,The Guard,ygVa2W2Qrac
307,The Smurfs,yhBpgqXwrt8
308,The Change-Up,43Qc70ZeMFw
309,Rise of the Planet of the Apes,T3tidwW1gGM
310,The Help,aT9eWGjLv6s
311,30 Minutes or Less,nfOt-Go3ECA
312,Final Destination 5,PI87-0g_SI8
313,Glee: The 3D Concert Movie,SOspGTrGOUg
314,Conan the Barbarian,P3L7tRQzDEQ
315,Flypaper,fKCzQ2BGOpo
316,Fright Night,txgGhyjPZGg
317,One Day,zVuuooZqVaU
318,Spy Kids: All the Time in the World,7iMQ3xjFt40
319,Colombiana,HCxPLlFWdFo
320,Higher Ground,Z9rsnIZ64Xk
321,Apollo 18,4RGhKzUUaME
322,Seven Days in Utopia,C0oUpqz2FJk
323,Shark Night,nBEn0In7Ufg
324,Bucky Larson: Born to Be a Star,cRT93a8xE5s
325,Contagion,4sYSyuuLk5g
326,Warrior,I5kzcwcQA1Q
327,Drive,KBiOF3y1W0Y
328,I Don't Know How She Does It,MJPKOS9DZeg
329,Restless,pzUKbPAynxU
330,Straw Dogs,jc2WepwFcWE
331,Abduction,CEVkp5Je7m0
332,Dolphin Tale,AJ_1eS2Erhk
333,Killer Elite,8F1wrDsUqYc
334,Moneyball,-4QPVo0UIzc
335,50/50,GWPfFDAFvNk
336,Courageous,70MVn1q-yyM
337,Dream House,XFxIYqcmRxc
338,Margaret,7YAiS-3EhMI
339,Take Shelter,hUraDx3oFVg
340,What's Your Number?,bgkxGrsX-A4
341,The Ides of March,y494hUO-aw8
342,Real Steel,SwfmV3nn6QA
343,The Big Year,HJARwSNpUP4
344,Footloose,fVyU-Hvzpt4
345,The Skin I Live In,PavJUoZNT7g
346,The Thing,Txjm94GnrPA
347,Johnny English Reborn,wCsSzZU-sQ4
348,Margin Call,IjZ-ke1kJrA
349,Paranormal Activity 3,e70TX_photI
350,The Three Musketeers,TYic5JxgTMc
351,Martha Marcy May Marlene,ERREgOobLOs
352,Anonymous,uBmnkk0QW3Q
353,In Time,YRSBiTF3wNw
354,Like Crazy,qvf52Z5w_kI
355,October Baby,eljFzuBefoI
356,Puss in Boots,1esRrwrmWzA
357,The Rum Diary,R8KblG1S0_A
358,Tower Heist,Z4KXF7NWFRE
359,A Very Harold & Kumar Christmas,dZpFjWOCHAM
360,Immortals,pE3yR8bZ1pY
361,J. Edgar,XULIO67YIRA
362,Jack and Jill,oJVv3PBoPMc
363,Melancholia,6IZGwvxhXvw
364,The Descendants,XDwUH02DDWU
365,Happy Feet Two,wbWzQtHzD1c
366,The Twilight Saga: Breaking Dawn – Part 1,uKcFqL9-bHo
367,A Dangerous Method,ZhunuJRo8jA
368,Arthur Christmas,7tk-WZSqIGQ
369,Hugo,Hv3obL9HqyY
370,The Muppets,C4YhbpuGdwQ
371,My Week with Marilyn,u9wk0Aeddb0
372,The Artist,YB9Oq0hn5KY
373,Shame,Op9iQiB_ANI
374,Tinker Tailor Soldier Spy,VW-F1H-Nonk
375,Catch .44,GE2CV47Hc7c
376,New Year's Eve,h_dt27_0vL4
377,The Sitter,kTmF4UnkkbA
378,We Need to Talk About Kevin,SfQaRK3BCYU
379,Young Adult,rt2-M5hTkcs
380,Alvin and the Chipmunks: Chipwrecked,-dOc_fqmcZo
381,Carnage,Zvg_wK6smK4
382,Mission: Impossible – Ghost Protocol,7wkih9Yvxq0
383,Sherlock Holmes: A Game of Shadows,AsKYSOzCTvY
384,The Adventures of Tintin,LTnCE_SaU38
385,The Girl with the Dragon Tattoo,DqQe3OrsMKI
386,In the Land of Blood and Honey,sq3shTC1zac
387,We Bought a Zoo,Fopeq7wx4sw
388,The Darkest Hour,Nbns9vRejHg
389,Extremely Loud & Incredibly Close,51z9UzDSacg
390,War Horse,JPNyNr2Kp4w
391,Pariah,rbBiTlGhrPY
392,The Iron Lady,jX398kx-OCM
393,A Separation,58Onuy5USTc
394,The Devil Inside,MVpcszlYT7s
395,Beneath The Darkness,kKfoSIERxCU
396,Contraband,Rp0b5ZXIUvE
397,Joyful Noise,e1Cj-_o2FGQ
398,Haywire,OpffbDjWlog
399,Red Tails,BpA6TC0T_Lw
400,Underworld: Awakening,tUcrbUCWKQc
401,Coriolanus,bsYrGIQnmxo
402,The Flowers of War,cj2uhyfVNmQ
403,W.E.,ql8AtTM7blg
404,The Grey,39eq9Nl_3io
405,Man on a Ledge,Tf-JsY6eg7Q
406,One for the Money,rn1PpRgUaeU
407,Declaration of War,bi7KXzlxUc8
408,Big Miracle,Qv-mWQUoXOg
409,Chronicle,UD0DshFbmxA
410,The Woman in Black,VnY0fEV30Wk
411,Journey 2: The Mysterious Island,IVX7OidrkXQ
412,Safe House,O-E4rQMl9jE
413,The Vow,PcL24s-S6ns
414,Ghost Rider: Spirit of Vengeance,UUObgxCoUgA
415,This Means War,oleuD8479uM
416,Act of Valor,ZnlPgo9TaGo
417,Good Deeds,HaO8f_eA4aM
418,Wanderlust,Oz7xMY1AbbI
419,The Lorax,dNMBVVdrMKo
420,Project X,HmrhuboNMtg
421,Tim and Eric's Billion Dollar Movie,zEeQi2PuV8M
422,John Carter,6Rf55GTEZ_E
423,Silent House,VD88EFBFuos
424,A Thousand Words,N6AxRCP3e4s
425,Friends with Kids,4wGbH-XP8Cs
426,Salmon Fishing in the Yemen,LqzwMX3ftLI
427,21 Jump Street,Oj55KinxZx4
428,"Jeff, Who Lives at Home",yA1w_eX0XsY
429,The Hunger Games,mfmrPu43DF8
430,The Raid,m6Q7KnXpNOg
431,Mirror Mirror,ILDeA7AqA84
432,Wrath of the Titans,IHHPPX6dnYU
433,Goon,cr_7jC_v9xA
434,American Reunion,1akixU65dDY
435,Damsels in Distress,-UGIkWvfBEQ
436,The Cabin in the Woods,NsIilFNNmkY
437,Lockout,BQ4hZqrIM9w
438,The Three Stooges,Z4IoUo_ZJkY
439,Chimpanzee,KokQL4aLfrI
440,The Lucky One,9w8lE83oYeM
441,Think Like a Man,vxTN4eX4Vss
442,Darling Companion,TGzd3x_1m28
443,The 5-Year Engagement,IoRF_Bzuwtk
444,The Pirates! In an Adventure with Scientists!,RZN0aF02WvY
445,The Raven,XMG9HawX1do
446,Safe,gU-wjVD_58c
447,Sound of My Voice,U8xElfWyexo
448,The Avengers,eOrNdBpGMv8
449,The Best Exotic Marigold Hotel,roDQowqG3cE
450,Dark Shadows,N6tVdffCr_M
451,The Dictator,cYplvwBvGA4
452,Battleship,8NNQqHsIc-4
453,What to Expect When You're Expecting,_8Um0DEEjkM
454,Beyond the Black Rainbow,nWF0bBKhe6o
455,Crooked Arrows,3ArAWYKDONY
456,Lovely Molly,_b-HORl87uQ
457,Polisse,rJ60lcoouvA
458,Chernobyl Diaries,Uy1ay369Jiw
459,Men in Black 3,IyaFEBI_L24
460,Moonrise Kingdom,_eOI3AamSm8
461,Snow White and the Huntsman,F9cBVm9gtKU
462,Piranha 3DD,XvZ-DN6Sbxg
463,Madagascar 3: Europe's Most Wanted,laNiRXqh82Q
464,Prometheus,5UEv03g51kU
465,Safety Not Guaranteed,73jSnAs7mq8
466,Rock of Ages,jbvzQLMqfH0
467,That's My Boy,HZJKgniCvUI
468,Your Sister's Sister,1Na2I2b6edA
469,Abraham Lincoln: Vampire Hunter,MmexgVvm4o8
470,Brave,TEHWDA_6e3M
471,Seeking a Friend for the End of the World,EmXWcXKXWBk
472,To Rome with Love,ft__aQSrHqE
473,Beasts of the Southern Wild,pvqZzSMIZa0
474,Madea's Witness Protection,PSBsZ0z6sWk
475,Magic Mike,gh78SbA1wEc
476,People Like Us,0OVGAOJ7N-c
477,Ted,9fbo_pQvU7M
478,A Burning Hot Summer,EcHetG5B7VY
479,Last Ride,F28_BYLOTKU
480,The Amazing Spider-Man,-tnxzJ0SSOw
481,Katy Perry: Part of Me,K16NvLCk2CY
482,Savages,jDZSt_MhU4Q
483,Ice Age: Continental Drift,xz-KgMtU_BM
484,"Farewell, My Queen",tOQfyExCVQk
485,The Dark Knight Rises,GokKUqLcvD8
486,Step Up Revolution,aEAt9eTi72w
487,The Watch,PhN1xnCyqR8
488,Killer Joe,JYcUUXq6Kd8
489,Diary of a Wimpy Kid: Dog Days,NLRYN8wPF1M
490,Total Recall,GljhR5rk5eY
491,Celeste and Jesse Forever,aJYjR00zCMc
492,Hope Springs,-s22_Mvikl8
493,The Bourne Legacy,jSzy9qQ3mDE
494,The Campaign,Bmp6UDzIUes
495,The Odd Life of Timothy Green,mMSkbH0LuTc
496,The Expendables 2,ip_CYHdyUBs
497,ParaNorman,hgwSpajMw3s
498,Sparkle,55cuiV9yL6Q
499,Cosmopolis,PvYyKTZtUG0
500,Robot & Frank,Hi9s-__B0TY
501,Hit and Run,6nZlXB5okeo
502,The Apparition,WYELiw9nvnE
503,Premium Rush,Pn6ie1zCkZU
504,Lawless,HibcC7w5l1g
505,The Oogieloves in the Big Balloon Adventure,Z2zgHbFE4lg
506,The Possession,Sxo3Wib31uE
507,"For a Good Time, Call...",laxpTv-s9JM
508,The Cold Light Of Day,qxJpe8d2dBQ
509,The Words,pMKB1LqwSHI
510,Anna Karenina,Z-nyXX5zOLg
511,Raaz 3,iMNBj_DrBQU
512,Resident Evil: Retribution,hoyMT-7wEqs
513,Arbitrage,BTWRP85RdBY
514,The Master,-EGSWpBDbho
515,Stolen,rpMxOjUjweA
516,Dredd,G-eI5oLlIeY
517,End of Watch,9mQYxib26FM
518,House at the End of the Street,9SNvuq7bULo
519,Trouble with the Curve,fTHSqutzOcQ
520,The Perks of Being a Wallflower,2vb2qrcPEEs
521,Hotel Transylvania,q4RK3jY7AVk
522,Looper,2iQuhsmtfHw
523,Won't Back Down,busgdBQE9M0
524,Frankenweenie,XBfcGLBJ2Uc
525,Pitch Perfect,8dItOM6eYXY
526,Taken 2,u48UrWtCn5E
527,The Oranges,Rk83dEZi29E
528,The Paperboy,m2GMwWaDSr0
529,Argo,JW3WfSFgrVY
530,Here Comes the Boom,M4L6ruTF5qE
531,Seven Psychopaths,jsHR77oQKEY
532,Sinister,_kbQAJR9YWQ
533,Smashed,n1J1IKeqAoI
534,Holy Motors,NWu9WjEcdbk
535,Alex Cross,tV_et8mrADI
536,Paranormal Activity 4,89PboIQlu1c
537,The Sessions,6T7vqxwuWEM
538,Chasing Mavericks,vkwCQH6IVhM
539,Cloud Atlas,ByehYal_cCs
540,Fun Size,8eFSDTBqvIU
541,Silent Hill: Revelation,9b4iOhWswYM
542,Flight,Aqn2L6kQQt8
543,The Man with the Iron Fists,3swVdu41Ixg
544,Wreck-It Ralph,87E6N7ToCxs
545,The Bay,ctkkn1qSYKw
546,This Must Be the Place,kplFGDHuYy4
547,Skyfall,6kw1UVovByw
548,The Twilight Saga: Breaking Dawn – Part 2,Ocz50YJOFTM
549,Lincoln,KJVuqYkI2jQ
550,Silver Linings Playbook,kVS-6k2tQAA
551,Life of Pi,3mMN693-F3U
552,Red Dawn,36j7tagMjlY
553,Rise of the Guardians,aPLiBxhoug0
554,Hitchcock,_Uw6fweoB8E
555,The Collection,n08aIH-Bhcc
556,Killing Them Softly,Bll2p2WhrIA
557,Playing for Keeps,ez9U9bw4XwM
558,Deadfall,Q4IASREmPMY
559,Lay the Favorite,Jr30OocHzVw
560,The Hobbit: An Unexpected Journey,SDnYMbYB-nU
561,The Guilt Trip,UAwiiGUCeLE
562,Zero Dark Thirty,LJFra3B9sbA
563,Cirque du Soleil: Worlds Away,3QrN3lMHxVg
564,Jack Reacher,Q-oxhxD32MM
565,This Is 40,gxkNuHrS6cg
566,The Impossible,Bgw394ZKsis
567,Not Fade Away,tTrN_jyH9Gg
568,Django Unchained,_iH0UBYDI4g
569,Les Misérables,YmvHzCLP6ug
570,Parental Guidance,sP-uO3B8ip0
571,Quartet,wSEnh8Hi62E
572,Promised Land,vzEcZJSdW-4
573,Texas Chainsaw 3D,gB0aHrd7rUo
574,Gangster Squad,LlbN5cQKZik
575,A Haunted House,J50vA5VLR6k
576,Struck by Lightning,JAakou4Kdhw
577,Broken City,oJWfM40Sklc
578,The Last Stand,qUFGVlE1GNQ
579,Mama,1lNyP7w3CuQ
580,Hansel & Gretel: Witch Hunters,p6wk1XySBTk
581,John Dies at the End,OJ4vjJv66Ko
582,Movie 43,A9fBCkwDW8c
583,Parker,QGu6InUcdUY
584,Bullet to the Head,qGDyslD68as
585,The Haunting in Connecticut 2: Ghosts of Georgia,hcoR4S-E8b4
586,Stand Up Guys,NApJNjPTqZs
587,Warm Bodies,_TDYhTNpUzo
588,A Glimpse Inside the Mind of Charles Swan III,1Q9NWeZba1c
589,Identity Thief,x8ZI0H3_tdU
590,Side Effects,X5WgC_JthA4
591,Beautiful Creatures,b2IVUIZX-Ws
592,A Good Day to Die Hard,0_0K7ZfU2e0
593,Safe Haven,q3y8fFPPgdA
594,Escape from Planet Earth,gkJXlIPPYe0
595,Dark Skies,K8iLp1xQtPQ
596,Snitch,rieI5g9fgRc
597,21 & Over,JsMFggMLgY0
598,Jack the Giant Slayer,SBBONir09z4
599,The Last Exorcism Part II,0h8eyHaoNMA
600,Stoker,YJWrXKoTpL0
601,Dead Man Down,6WKmnAcMTKM
602,Oz the Great and Powerful,DylgNj4YQVc
603,The Call,N2I85cPlhk0
604,The Incredible Burt Wonderstone,kn1wR1V9dqs
605,Spring Breakers,PmaQ4KxjWSA
606,Admission,fclznaYtZEQ
607,The Croods,4fVCKy69zUY
608,Olympus Has Fallen,ar-IaAx7s8k
609,Trance,8zBilTaofZA
610,G.I. Joe: Retaliation,2vAo4rJPqQ4
611,The Host,SRKjf8b4f2E
612,The Place Beyond the Pines,KepnbJT5nBw
613,Temptation: Confessions of a Marriage Counselor,wJ7Srr0MvXI
614,Evil Dead,vTGHA33Xyh4
615,Upstream Color,SilYsr_3vrA
616,42,I9RHqdZDCF0
617,Scary Movie 5,RMDZ8M47j0I
618,Java Heat,lQHMTMJsqQA
619,The Lords of Salem,76-CTeBTzDU
620,Oblivion,tx6_JMDFfWI
621,The Big Wedding,TS40GwpoDcw
622,Mud,2m9IFlz2iYo
623,Pain & Gain,X4orHp2y2ZQ
624,Iron Man 3,Ke1Y3P9D0Bc
625,The Iceman,eI6YE0xGCjo
626,What Maisie Knew,sRLJo6EcxBQ
627,Aftershock,goAdm8y5oqA
628,The Great Gatsby,nIewKn6EnAs
629,No One Lives,7Eiko_J6mfE
630,Peeples,C5tU1Ok7OQk
631,Star Trek Into Darkness,QAEkuVgt6Aw
632,Frances Ha,YdxCnCvCngk
633,The Reluctant Fundamentalist,ejxfDqK-kZo
634,The Hangover Part III,96TelFMZwHc
635,Before Midnight,NRVLVPWzeek
636,Epic,BJVkoq_wK80
637,Fast & Furious 6,oc_P11PNvRs
638,After Earth,CZIt20emgLY
639,The East,7z54r8jvGj8
640,The Kings of Summer,cLnAiVI4R2Q
641,Now You See Me,C2NWGAqZhF4
642,Hello Herman,-je-RGsUgoM
643,The Internship,vSnxuOD3WJs
644,The Purge,K0LLaybEuzA
645,Violet & Daisy,C7CdL8xXmxE
646,This Is the End,RmC34g6tIAI
647,The Bling Ring,NcE2fj-EtJY
648,Man of Steel,T6DJcgm3wNY
649,Monsters University,QxrQ6BaijAY
650,World War Z,slfrrjPndV4
651,Copperhead,Vo-j4_05bcI
652,The Heat,1O3iRdiplB0
653,Hummingbird,8c77ONP5QnM
654,White House Down,WfaTlmYvTA8
655,Despicable Me 2,TlbnGSMJQbQ
656,Kevin Hart: Let Me Explain,T69cdWclv9I
657,The Lone Ranger,L9DDCKVrZfU
658,Bad Words,C63J6wIrD10
659,"The Way, Way Back",GiH5wmuexZY
660,Fruitvale Station,vHkKUPHn8TE
661,Grown Ups 2,Sq5CIH0duMk
662,Pacific Rim,5guMumPFBag
663,Turbo,VlRtm8Gh9PQ
664,The Conjuring,ejMMn0t58Lc
665,R.I.P.D.,nt59JjtWFSU
666,Red 2,sCM3HhGUJsM
667,The World's End,hFo7eJR2cvc
668,Blue Jasmine,KK7_xLxf4o0
669,The To Do List,kd4QczxPahw
670,The Wolverine,toLpchTUYk8
671,The Smurfs 2,t0TJDEY3u9Y
672,2 Guns,AK6EbfdnTHg
673,The Canyons,oOXwft6UaRU
674,Europa Report,XhdRYk1Y8VA
675,The Spectacular Now,0dCfbBwFI2Y
676,Percy Jackson: Sea of Monsters,M4MNNw9ZhrA
677,We're the Millers,0Vsy5KzsieQ
678,Elysium,oIBtePb-dGY
679,Planes,YRjztG65XgI
680,Ain't Them Bodies Saints,ga0c0v-stK0
681,The Butler,FuojHqfe4Vk
682,Jobs,FrvkCS0ZGPU
683,Kick-Ass 2,Td921lYSBIA
684,Paranoia,2T1RLye5Z_w
685,The Mortal Instruments: City of Bones,hc4CiTvQ-YE
686,Drinking Buddies,Dj9Q92s97Uc
687,Short Term 12,qhS6tvSb0UQ
688,You're Next,3ZKQU0YYkNw
689,Getaway,7ZF4jzMJ1oI
690,Hell Baby,6AaaoMfbx0o
691,Riddick,iP3eFIOBU0k
692,August: Osage County,9Hd_uO72h1s
693,The Family,-SwDU04Oeak
694,Insidious: Chapter 2,fBbi4NeebAk
695,Dick Figures: The Movie,H0poVodH4Vo
696,Battle of the Year,QibqRB9Gs9k
697,Enough Said,R09EnVNGnio
698,Prisoners,bpXfcTF6iVk
699,Rush,4XA73ni9eVs
700,Baggage Claim,wj8S_fCAV74
701,Cloudy with a Chance of Meatballs 2,IzC18WEfszw
702,Don Jon,2A63Ly0Pvpk
703,Metallica: Through the Never,N4IhWJ8r7_4
704,Grace Unplugged,jhU1bUeNF3c
705,Gravity,OiTiKOy59o4
706,Runner Runner,UFPqyNvNzvU
707,Captain Phillips,GEyM01dAxp8
708,Machete Kills,DwbG64YC-vQ
709,12 Years a Slave,z02Ie8wKKRg
710,Escape Plan,etWeYkQ_KLw
711,Carrie,qSn7JyijA8k
712,The Fifth Estate,YQOiS_l_0Jk
713,I'm in Love with a Church Girl,XtORLCS6J8A
714,The Counselor,6ML50I0mVHY
715,Jackass Presents: Bad Grandpa,tctgUr147zA
716,About Time,T7A810duHvw
717,Dallas Buyers Club,KDvPcBeOn8E
718,Ender's Game,2SRizeR4MmU
719,Free Birds,gxslnpqFwOs
720,Last Vegas,TvK3m0wJutI
721,The Book Thief,92EBSmxinus
722,Thor: The Dark World,npvJ9FTgZbM
723,The Best Man Holiday,va7uNZS39ZY
724,Delivery Man,LS6gSIDe08o
725,The Hunger Games: Catching Fire,EAzGXqJSDJ8
726,Nebraska,YvW_DmfKfSk
727,Philomena,x6ToSr_LSKU
728,Black Nativity,yfhupIQ1JnE
729,Frozen,FLzfXQSPBOg
730,Homefront,tjSOj8b804U
731,Oldboy,vdQfLoMh1N0
732,Inside Llewyn Davis,VuQ8pz-5WLY
733,Out of the Furnace,Gw0qH34cbRE
734,American Hustle,NqgjPRNRDSY
735,The Hobbit: The Desolation of Smaug,Os1G8RtqY2c
736,A Madea Christmas,-SLe_EIpeWI
737,Saving Mr. Banks,nijccxWvyXU
738,Anchorman 2: The Legend Continues,Elczv0ghqw0
739,Her,dJTU48_yghs
740,Walking with Dinosaurs,P7lBKBxIwGM
741,47 Ronin,j8cKdDkkIYY
742,Grudge Match,1bQSOBJCPQE
743,Lone Survivor,yoLFk4JK_RM
744,The Secret Life of Walter Mitty,kJBFB5GE8Ow
745,The Wolf of Wall Street,iszwuX1AK6A
746,Labor Day,QOQL3Xi8dPE
747,Paranormal Activity: The Marked Ones,ccE9LeAbPU4
748,The Legend of Hercules,incdXm3E230
749,Devil's Due,hjo7iO6Ghtg
750,Jack Ryan: Shadow Recruit,K9KAnx4EvaE
751,The Nut Job,fq4qP2oSpIA
752,Ride Along,7q1kMhOTuHk
753,"I, Frankenstein",NXc5epxOH_c
754,That Awkward Moment,wRcVgJjnFLo
755,Nurse 3D,nEtzKmfDTU4
756,The Lego Movie,fZ_JOBCLF-I
757,The Monuments Men,SziPDANik18
758,Vampire Academy,QuU8P-D0-is
759,RoboCop,UuVphAuRo7Q
760,About Last Night,nNZFE3z0T7E
761,Date and Switch,sXAVfFRxulA
762,Endless Love,NTAzn4W48gc
763,Winter's Tale,DBSj1MKwx6A
764,3 Days to Kill,yswZKfnmf7c
765,Barefoot,Ppjr-hn1HR4
766,Pompeii,t6TRwfxDICM
767,Non-Stop,jiHDJ19A3dk
768,Son of God,-Hsl5UG9O_c
769,300: Rise of an Empire,2zqy21Z29ps
770,Mr. Peabody & Sherman,aMl2tTVwsZA
771,The Grand Budapest Hotel,1Fg5iWmQjwk
772,Need for Speed,u3wtVI-aJuw
773,The Single Moms Club,WQNOvfixtpo
774,Veronica Mars,iksrM_LNZ6s
775,Cheap Thrills,I0e0PH70Nig
776,Divergent,Aw7Eln_xuWc
777,God's Not Dead,j2KDj7qxnds
778,Muppets Most Wanted,gE5RF4wiueQ
779,50 to 1,AO-9A5KDEr8
780,Noah,6qmj5mhDwJQ
781,Sabotage,8HDArXZgrsE
782,Captain America: The Winter Soldier,tbayiPxkUMM
783,Draft Day,xpvInmz-EJM
784,Oculus,66RBsIsWJBQ
785,Rio 2,leJuOObuCxM
786,Heaven Is for Real,N-ewaCVARtM
787,A Haunted House 2,eDyh9YloMVk
788,Transcendence,VCTen3-B8GU
789,Brick Mansions,4CzcsN4k9FM
790,The Other Woman,juxTC7hYGTE
791,The Amazing Spider-Man 2,nbp3Ra3Yp74
792,Walk of Shame,yaRw4auU2kQ
793,Moms' Night Out,-Wo_c7DkgKA
794,Neighbors,KrAf5ALLxGI
795,Godzilla,vIu85WQTPRc
796,Million Dollar Arm,lEtNIoPxcq8
797,Blended,V6cKLTmDB-k
798,X-Men: Days of Future Past,pK2zYHWDZKo
799,Maleficent,JIIgXEGAZgE
800,A Million Ways to Die in the West,LhmP8UYtipA
801,Edge of Tomorrow,vw61gCe2oqI
802,The Fault in Our Stars,9ItBvH5J6ss
803,Ping Pong Summer,3Ho-vB6h3TI
804,22 Jump Street,qP755JkDxyM
805,How to Train Your Dragon 2,2BP38770KNo
806,Obvious Child,8HpYzpr2iDA
807,The Signal,gwgfeR2pMuE
808,Jersey Boys,6tC1yOUvvMo
809,Think Like a Man Too,N8b6kVSZNLE
810,America: Imagine the World Without Her,98DfrVjxCQg
811,They Came Together,TPzHRXUcUWU
812,Transformers: Age of Extinction,T9bQCAWahLk
813,Deliver Us from Evil,YWDM_p68HAQ
814,Earth to Echo,novzGPgeY4c
815,Tammy,N8d6Bpl2eAo
816,Boyhood,Y0oX0xiwOv8
817,Dawn of the Planet of the Apes,3sHMCRaS3ao
818,Road to Paloma,xLcueCRRtjY
819,Snowpiercer,r6UmqNuMdY4
820,I Origins,Mk4briOLrTQ
821,Planes: Fire & Rescue,ibAxkCJfvC4
822,The Purge: Anarchy,XzFCDqKE4yA
823,Sex Tape,-fQvyfn3wbE
824,Wish I Was Here,aCponfeWNOI
825,And So It Goes,wbUdGTZ1uVs
826,Happy Christmas,pjKpGQqDzHA
827,Hercules,OwlynHlZEc4
828,Lucy,MVt32qoyhi0
829,A Most Wanted Man,OUyYBrlF_W8
830,Get On Up,0F_pxMmOG4I
831,Guardians of the Galaxy,d96cjJhvlMA
832,The Hundred-Foot Journey,MWo67uhzoQg
833,Into the Storm,xBH25XxM-7g
834,Step Up: All In,-cBttI0W80U
835,Teenage Mutant Ninja Turtles,OdgNSJiWJTo
836,Let's Be Cops,q6q73NTqH-o
837,The Expendables 3,4xD0junWlFc
838,The Giver,fH6B4S9ENY4
839,Life After Beth,JjysgllBzHQ
840,If I Stay,m9hZ40TJ0zs
841,The Prince,XdZuyp6DpnI
842,Sin City: A Dame to Kill For,nqRRF5y94uE
843,When the Game Stands Tall,qT0aE4iAnJo
844,"As Above, So Below",X_BaqNzdGXY
845,Cake,P3IsUOSHlnU
846,Atlas Shrugged Part III: Who Is John Galt?,GSJNU41h5Cg
847,Dolphin Tale 2,gMDymk_gx3A
848,No Good Deed,G5VeowxERwM
849,The Guest,y0E2Qh6wLS4
850,A Walk Among the Tombstones,aTKBowDjMQg
851,The Maze Runner,64-iSYVmMVY
852,The Skeleton Twins,ll0pjiOjSiU
853,This Is Where I Leave You,fH0cEP0mvlU
854,Tusk,BCQJnOn0ru0
855,The Boxtrolls,Q2dFVnp5K0o
856,The Equalizer,VjctHUEmutw
857,Annabelle,paFgQNPGlsg
858,Gone Girl,2-_-1nJf8Vg
859,Left Behind,GrXe8YDbzYs
860,"Men, Women & Children",MHMqpwnUazY
861,Addicted,kABi5_k8Bdc
862,"Alexander and the Terrible, Horrible, No Good, Very Bad Day",Z_dideF5qvk
863,Dracula Untold,_2aWqecTTuE
864,The Judge,ZBvK6ni97W8
865,Whiplash,Df1xkYYbYrY
866,Birdman,uJfLoE6hanc
867,The Book of Life,_i69CJc1BgE
868,Camp X-Ray,_1MDrwqjeGo
869,Dear White People,JMgWMzbM2Pk
870,Fury,q94n3eWOWXM
871,Nightcrawler,u1uP_8VJkDQ
872,John Wick,C0BMx-qxsP4
873,Revenge of the Green Dragons,3c-YiIC5Bz4
874,Ouija,_T1Jj1inE8M
875,Interstellar,zSWdZVtXT7E
876,Big Hero 6,z3biFxZIJOQ
877,Jessabelle,CoBCEdt_BC8
878,Beyond the Lights,sfcfZn8nq3w
879,Dumb and Dumber To,dmNddThxi4c
880,Foxcatcher,Jhkj1TVITf8
881,The Homesman,SAYQklUPLBI
882,Saving Christmas,z5-yA66kaVc
883,The Hunger Games: Mockingjay – Part 1,3PkkHsuMrho
884,Horrible Bosses 2,utriEZFno0E
885,Penguins of Madagascar,4jsFpmFWOSs
886,Wild,tn2-GSqPyl0
887,Exodus: Gods and Kings,t-8YsulfxVI
888,Inherent Vice,wZfs22E7JmI
889,Top Five,ayS12L3kY50
890,The Hobbit: The Battle of the Five Armies,iVAgTiBrrDA
891,Annie,nasLuiP-1E0
892,Night at the Museum: Secret of the Tomb,KMKk7Dn__-Y
893,American Sniper,99k3u9ay1gs
894,Big Eyes,2xD9uTlh5hI
895,The Gambler,Y5gPQXbFs9Y
896,The Interview,DkJA1rb8Nxo
897,Into the Woods,7pjy5MK1X70
898,Selma,kPgs2zshD9Y
899,Unbroken,XrjJbl7kRrI
900,The Woman in Black: Angel of Death,5-a8bWi4LO0
901,Taken 3,JuU0M2xBasc
902,Blackhat,-CA95Bzpy7s
903,Spare Parts,myjar5KoqZA
904,The Wedding Ringer,KG5CnCgnplU
905,The Boy Next Door,MgbBwovOOoc
906,The Humbling,qu6SCUXeYl0
907,Mortdecai,aW_sfxUnbZA
908,Song One,ihdJgH757A0
909,Strange Magic,Xr9iLfD6xus
910,Black or White,1ZwN85UJqAQ
911,The Loft,Vzw7ds7JoT4
912,Project Almanac,TGuLpPldJZA
913,Wild Card,7fJGbTfFPkM
914,Jupiter Ascending,gQHKolIqBGs
915,Seventh Son,5i90Qr0Qi6w
916,The SpongeBob Movie: Sponge Out of Water,4zoI4L4x1i0
917,The Voices,3hQpV9Q0A7E
918,Accidental Love,OwCatikaHNM
919,Fifty Shades of Grey,SfZWFDs0LxA
920,Kingsman: The Secret Service,m4NCribDx4U
921,The Last Five Years,IoRF_Bzuwtk
922,The DUFF,ci7eKlNRiuw
923,Hot Tub Time Machine 2,BNJ-UxlKXGY
924,"McFarland, USA",74eJaVQFybI
925,Focus,MxCRgtdAuBo
926,The Lazarus Effect,1Ks6JqLzVTA
927,Maps to the Stars,_itp92Dc52M
928,Chappie,lyy7y0QOK-0
929,The Second Best Exotic Marigold Hotel,3REYWGRmLnQ
930,Unfinished Business,8yb9Dn2mnMg
931,Cinderella,20DF6U1HcGQ
932,The Cobbler,kMVGScC0vDA
933,It Follows,HkZYbOH0ujw
934,Run All Night,plrh783KCqg
935,Danny Collins,AndERTFMYd4
936,The Divergent Series: Insurgent,IR-l_TSjlEo
937,Do You Believe?,ogIX2Q7tEdc
938,The Gunman,Ug9xufczPVE
939,Tracers,nSfZahdXxU4
940,Get Hard,lEqrpuU9fYI
941,Home,MyqZf8LiWvM
942,Serena,nqt1I1OL_Hg
943,While We're Young,lNEKFG0eAKE
944,Furious 7,Skpu5HaVkOc
945,Woman in Gold,ZqC28wtsaig
946,Ex Machina,sNExF5WYMaA
947,The Longest Ride,FUS_Q7FsfqU
948,Child 44,Uia6y9SRsj4
949,Monkey Kingdom,xasvQYdvSD0
950,Paul Blart: Mall Cop 2,b_ld3IJ0sUU
951,Unfriended,Lgj4GjqCFlY
952,Adult Beginners,aYrb--0anpk
953,Brotherly Love,mOACSS97KQM
954,Little Boy,b_BdzqsIX6A
955,The Age of Adaline,7UzSekc0LoQ
956,The Water Diviner,grIiiHuetis
957,Avengers: Age of Ultron,P5iIPfNzj2o
958,The D Train,A4vqHV44eZE
959,Maggie,AQ5Vz8qE8R8
960,Mad Max: Fury Road,hEJnMQG9ev8
961,Pitch Perfect 2,OgPm-yaLoyo
962,I'll See You in My Dreams,F1VbBOTXzfI
963,Poltergeist,HD2sz9RVzfM
964,Tomorrowland,lWZ7O-RrATY
965,Aloha,D273Tiea-IQ
966,Barely Lethal,HwLY3aiT26U
967,Spy,YrY3v1eDmQY
968,Insidious: Chapter 3,3HxEXnVSr1w
969,Jurassic World,RFinNxS5KN4
970,Inside Out,yRUAzGQ3nSY
971,Ted 2,S3AVcCggRnU
972,Terminator Genisys,FqbOFjl7ZWE
973,Magic Mike XXL,oLoyU3xYwbs
974,Minions,eisKxhjBnZ0
975,The Gallows,F_8OKImO2pc
976,Self/less,71fWtJXEI0Q
977,Tangerine,fUxRxgtYt0M
978,Strangerland,v3Kj1VmbJiw
979,Ant-Man,pWdKf3MneyI
980,Trainwreck,y_KP9x80Z9Q
981,Irrational Man,5Wf-ouBdYY8
982,Mr. Holmes,0G1lIBgk4PA
983,Pixels,XAHprLW48no
984,Paper Towns,rFGiHm5WMLk
985,The Vatican Tapes,Yelog-WwqD4
986,Vacation,kleG7XCqOb4
987,Mission: Impossible – Rogue Nation,pXwaKB7YOjw
988,Fantastic Four,_rRoD28-WgU
989,The Gift,I3IiZU9JBuE
990,Ricki and the Flash,MiRuo5gRTqs
991,Straight Outta Compton,oyoew4T74_w
992,The Man from U.N.C.L.E.,4K4Iv_N9Nno
993,American Ultra,bLGFwkRx2HA
994,Hitman: Agent 47,alQlJDRnQkE
995,She's Funny That Way,Qp4gomOKJnY
996,No Escape,DOjj07EuO50
997,War Room,2DbRwcrhiLA
998,Before We Go,vNzaiGzPoUg
999,The Visit,YfQnRjkuvaY
1000,The Perfect Guy,CikoxQ4ytI4
1001,Sleeping with Other People,RG3Q2ua5izw
1002,Black Mass,R_F-lVhSfx8
1003,Captive,6IKJFYegRJk
1004,Everest,79Q2rrQlPW4
1005,Maze Runner: The Scorch Trials,-44_igsZtgU
1006,Sicario,7XLQ1bkSLDo
1007,Hotel Transylvania 2,T3nqmGgnJe8
1008,99 Homes,Vh0piQN1_LY
1009,The Intern,ZU3Xban0Y6A
1010,Mississippi Grind,7p1MNB6TNQU
1011,The Walk,GR1EmTKAWIw
1012,The Martian,ej3ioOneTy8
1013,Freeheld,-N-NTx46K_g
1014,Steve Jobs,aEr6K1bwIVs
1015,Pan,Y1wRv8vTpxo
1016,Knock Knock,BHV0lsAqiS8
1017,Beasts of No Nation,2xb9Ty-1frw
1018,Bridge of Spies,mBBuzHrZBro
1019,Crimson Peak,6yAbFYbi8XU
1020,Goosebumps,7Cn716jv61s
1021,Room,E_Ci-pAL4eE
1022,Woodlawn,BRQaEJv9qIk
1023,Truth,oWZY3pHIV84
1024,Rock the Kasbah,jtvcb5N_kek
1025,Paranormal Activity: The Ghost Dimension,RFxrhcxbQXo
1026,Jem and the Holograms,pifhszsZKg4
1027,The Last Witch Hunter,xsuG2JUgs_8
1028,Bone Tomahawk,0ZbwtHi-KSE
1029,Scouts Guide to the Zombie Apocalypse,ZOhSbNJ7MqI
1030,Our Brand Is Crisis,BLZo_ILZhfk
1031,Freaks of Nature,eNXH63gCOG8
1032,Burnt,QsyzkkI_g14
1033,Spectre,ujmoYyEyDP8
1034,Spotlight,EwdCIpbTN5g
1035,The Peanuts Movie,zQpUQPrAfQM
1036,The 33,hOoIBOYqHyw
1037,My All American,udOir1ucj38
1038,Love the Coopers,-TSX_0rwPNc
1039,By the Sea,y08gxV5tHUQ
1040,Carol,EH3zcuRQXNo
1041,Legend,yI3v6KfR9Mw
1042,The Hunger Games: Mockingjay – Part 2,n-7K_OjsDCQ
1043,The Night Before,kOBdxkhJvHQ
1044,Creed,Uv554B7YHk4
1045,The Good Dinosaur,O-RgquKVTPE
1046,Victor Frankenstein,7pxZxY_Siyc
1047,Krampus,h6cVyoMH4QE
1048,In the Heart of the Sea,K-H35Mpj4uk
1049,The Big Short,vgqG3ITMv1Q
1050,Alvin and the Chipmunks: The Road Chip,UI_nj4NXpoQ
1051,Sisters,vRnhEjP3R-c
1052,Star Wars: The Force Awakens,sGbxmsDFVnE
1053,Concussion,Io6hPdC41RM
1054,Daddy's Home,arhMMJx7tCU
1055,Joy,uR-2TiQVY-k
1056,Point Break,ncvFAm4kYCo
1057,The Hateful Eight,nIOmotayDMY
1058,The Revenant,LoebZZ8K5N0
1059,Anomalisa,WQkHA3fHk_0
1060,The Forest,99_ZXddTnR8
1061,Ride Along 2,iWfmmwdCHTg
1062,13 Hours: The Secret Soldiers of Benghazi,5MBjAN7jqsQ
1063,Norm of the North,u8A_F5oYJGI
1064,Dirty Grandpa,skl7gYRZHwE
1065,The 5th Wave,kmxLybfGNC4
1066,The Boy,XGbB9UQ6r1g
1067,Kung Fu Panda 3,10r9ozshGVE
1068,The Finest Hours,BQmllwTKtqU
1069,Fifty Shades of Black,J1pOTTcdRO8
1070,Jane Got a Gun,fm7qxI3gmpw
1071,"Hail, Caesar!",kMqeoW3XRa0
1072,Pride and Prejudice and Zombies,syjfmdvLu9c
1073,The Choice,3igwHv6Msjo
1074,Deadpool,Xithigfg7dA
1075,Zoolander 2,4CL4LNWHegk
1076,How to Be Single,akwGjUeU6YA
1077,Risen,OcTVLfn5i8g
1078,The Witch,iQXmlf3Sefg
1079,Gods of Egypt,tuVg_6UaQsU
1080,Triple 9,JzUtr5sjRvU
1081,Eddie the Eagle,hyzQjVUmIxk
1082,Zootopia,jWM0ct-OLsM
1083,London Has Fallen,3AsOdX7NcJs
1084,Whiskey Tango Foxtrot,2V8V6-VjnWw
1085,The Other Side of the Door,C1HjOEubv2Y
1086,Open Season: Scared Silly,Z3nGcP8fews
1087,10 Cloverfield Lane,1WQfDnj_e2I
1088,Grimsby,_YtclB_02wA
1089,The Young Messiah,pVfmdLO2Ui8
1090,The Perfect Match,lf4GJAY4n1I
1091,"Hello, My Name Is Doris",pJwPqSnC774
1092,Miracles from Heaven,CldGTG6iVrU
1093,The Divergent Series: Allegiant,tE8LEPSTK6A
1094,The Bronze,6B7JH30oCME
1095,Midnight Special,1zuQTmVCEn4
1096,Batman v Superman: Dawn of Justice,NhWg7AQLI_8
1097,My Big Fat Greek Wedding 2,JQ-1Ts3BChM
1098,I Saw the Light,4Oo5y54dDh0
1099,Everybody Wants Some!!,y6raUs0CiCQ
1100,God's Not Dead 2,Sxz-Y-c2UUc
1101,Meet the Blacks,ivqhlpUCnZY
1102,The Boss,V8GAMZqJqjs
1103,Hardcore Henry,96EChBYVFhU
1104,Demolition,3UnSXelOJo0
1105,The Invitation,ZbyUw_2lJ-0
1106,The Jungle Book,C4qgAaxB_pc
1107,Barbershop:The Next Cut,l2vPDGStL4k
1108,Criminal,3bvnoqsvY-M
1109,Green Room,Q8XSARX3DQg
1110,The Huntsman: Winter's War,eAvCgVR0gIM
1111,A Hologram for the King,UW4OE1egbHs
1112,Elvis & Nixon,o9x3Z6b0Z1g
1113,Keanu,K9zy27apgI8
1114,Mother's Day,2BPr217zLps
1115,Ratchet & Clank,bvWRilQ9lnI
1116,Captain America: Civil War,FkTybqcX-Yo
1117,Money Monster,xT3SLHlnEUI
1118,The Darkness,FDhoqY1grJY
1119,The Angry Birds Movie,QRmKa7vvct4
1120,Neighbors 2: Sorority Rising,X2i9Zz_AqTg
1121,The Nice Guys,GQR5zsLHbYw
1122,X-Men: Apocalypse,COvnHv42T-A
1123,Alice Through the Looking Glass,anvGUW-vsLE
1124,Teenage Mutant Ninja Turtles: Out of the Shadows,3CKgLNGfdSM
1125,Me Before You,T0MmkG_nG1U
1126,Popstar: Never Stop Never Stopping,Q9RoNzJrmDo
1127,The Conjuring 2,VFsmuRPClr4
1128,Warcraft,2Rxoz13Bthc
1129,Now You See Me 2,4I8rVcSQbic
1130,Finding Dory,JhvrQeY3doI
1131,Central Intelligence,MxEw3elSJ8M
1132,Independence Day: Resurgence,LbduDRH2m2M
1133,The Shallows,EgdxIlSuB70
1134,Free State of Jones,3EMkxEKKSQI
1135,The Neon Demon,cipOTUO0CmU
1136,Swiss Army Man,yrK1f4TsQfM
1137,The Legend of Tarzan,Aj7ty6sViiU
1138,The BFG,GZ0Bey4YUGI
1139,The Purge: Election Year,RXMp9fBomJw
1140,The Secret Life of Pets,i-80SGWfEjM
1141,Captain Fantastic,D1kH4OMIOMc
1142,Mike and Dave Need Wedding Dates,33MtR-g4Jcg
1143,The Infiltrator,N7_M4hjXW1I
1144,Café Society,-1yDgVpHH8U
1145,Ghostbusters,w3ugHP-yZXw
1146,Star Trek Beyond,XRVD32rnzOw
1147,Batman: The Killing Joke,BjmFe9B9vy8
1148,Ice Age: Collision Course,Ohq6NmKMja8
1149,Lights Out,6LiKKFZyhRU
1150,Nerve,2PR9MOPTI7g
1151,Jason Bourne,v71ce1Dqqns
1152,Bad Moms,iKCw-kqo3cs
1153,Suicide Squad,CmRih_VtVAs
1154,Pete's Dragon,fPOamb6d_20
1155,Sausage Party,WVAcTZKTgmc
1156,Hell or High Water,JQoqsKoJVDw
1157,Ben-Hur,3BmeR9GYdDU
1158,Kubo and the Two Strings,qZefKaANfe0
1159,War Dogs,Rwh9c_E3dJk
1160,Mechanic: Resurrection,QF903RaKLvs
1161,Don't Breathe,76yBTNDB6vU
1162,Hands of Stone,KeP5YVVkQV8
1163,The Light Between Oceans,YSX-mpsVutQ
1164,Morgan,rqmHSR0bFU8
1165,Sully,mjKEXxO2KNE
1166,When the Bough Breaks,Ws74Ie4fMc8
1167,The Disappointments Room,9Nyp-LGHj8o
1168,Bridget Jones's Baby,mJsvmscPY9w
1169,Snowden,QlSAiI3xMh4
1170,Blair Witch,girSv9UH_V8
1171,Hillsong: Let Hope Rise,kmz2q-CgGyY
1172,The Magnificent Seven,q-RBA0xoaWU
1173,Storks,tF6jd0-xRrI
1174,Miss Peregrine's Home for Peculiar Children,tV_IhWE4LP0
1175,Deepwater Horizon,S-UPJyEHmM0
1176,Queen of Katwe,z4l3-_yub5A
1177,Masterminds,zIkzuXDhCcQ
1178,The Girl on the Train,y5yk-HGqKmM
1179,The Birth of a Nation,i18z1EQCoyg
1180,Middle School: The Worst Years of My Life,XQtjPUyS6ZY
1181,The Accountant,DBfsgcswlYQ
1182,Kevin Hart: What Now?,d3R4rxv33sg
1183,Max Steel,Tf4sa0BVJVw
1184,Jack Reacher: Never Go Back,aRwrdbcAh2s
1185,Keeping Up with the Joneses,nPfYXXg65qA
1186,Ouija: Origin of Evil,MJIcZGEjjwo
1187,Boo! A Madea Halloween,-sPHseSGr9Q
1188,I'm Not Ashamed,RJJ2xphZjjA
1189,American Pastoral,079zFCh81L4
1190,Inferno,RH2BD49sEZI
1191,Doctor Strange,Lt-U_t2pUHI
1192,Trolls,xyjm5VQ11TQ
1193,Hacksaw Ridge,s2-1hz1juBI
1194,Loving,bQMF5MSohPA
1195,Billy Lynn's Long Halftime Walk,veoPig2LJDU
1196,Fantastic Beasts and Where to Find Them,ViuDsy7yb8M
1197,The Edge of Seventeen,vswj96INhmo
1198,Bleed for This,zQ6ny-fROX8
1199,Manchester by the Sea,gsVoD0pTge0
1200,Moana,LKFuXETZUsI
1201,Bad Santa 2,QmckiK-JvB8
1202,Rules Don't Apply,a_QiAunKtxo
1203,Incarnate,g10LD3Xsh2Q
1204,La La Land,0pdqf4P9MB8
1205,Office Christmas Party,4gzLSQGNBCA
1206,Collateral Beauty,dpFyds_pS2E
1207,Fences,spCxVd9ctFs
1208,Rogue One: A Star Wars Story,frdj1zb9sMY
1209,The Founder,AX2uz2XYkbo
1210,Assassin's Creed,xLBZ1_J1xvM
1211,Passengers,7BWWWQzTpNU
1212,Sing,9qPgK_u4vX8
1213,Patriots Day,ykwSo64RYao
1214,A Monster Calls,WMgm20Di9Wg
1215,Silence,IqrgxZLd_gE
1216,Why Him?,xOZ2bs9IboU
1217,Hidden Figures,5wfrDhgUMGI
1218,Live by Night,CtFZcAuH-qI
1219,Paterson,m8pGJBgiiDU
1220,Underworld: Blood Wars,rKHL5PyAPzs
1221,Monster Trucks,wQGawWqJdfs
1222,The Bye Bye Man,ZGdOnCiQRpQ
1223,Sleepless,LzWNDXwRbLY
1224,Split,U58Om9LXYFs
1225,XXX: Return of Xander Cage,-ziu6JzJTZ0
1226,The Resurrection of Gavin Stone,44nmZ31RNOY
1227,A Dog's Purpose,1jLOOCADTGs
1228,Resident Evil: The Final Chapter,79Sd4GtOXuI
1229,Rings,p17DJbPRLc0
1230,The Space Between Us,x73-573aWfs
1231,I Am Not Your Negro,rNUYdgIyaPM
1232,Growing Up Smith,i3oAw68dSoQ
1233,The Lego Batman Movie,h6DOpfJzmo0
1234,Fifty Shades Darker,n6BVyk7hty8
1235,John Wick: Chapter 2,ChpLV9AMqm4
1236,The Great Wall,avF6GHyyk5c
1237,A Cure for Wellness,4mcVodJmBlU
1238,Fist Fight,9aIzXYo6VCE
1239,XX,LGH-zJ9_uFs
1240,Get Out,DzfpyUB60YY
1241,Rock Dog,kGsUHbq3yUY
1242,Collide,p7yt_t3nZKA
1243,Logan,Div0iP65aZo
1244,The Shack,Ouc9W0GRlQw
1245,Before I Fall,q3Zyy4ZXegE
1246,Table 19,2BrKGHl5EXQ
1247,Kong: Skull Island,44LdLqgOpjo
1248,Beauty and the Beast,e3Nl_TCQXuw
1249,The Belko Experiment,jP2Ow2CX6OQ
1250,Power Rangers,Q-C4qqsgs8w
1251,Life,cuA-xqBw4jE
1252,CHiPs,nmgeiznfdLI
1253,Wilson,kudZx_f7-mk
1254,Ghost in the Shell,tRkb1X9ovI4
1255,The Boss Baby,k397HRbTtWI
1256,The Zookeeper's Wife,eiEfrA6MWs4
1257,The Case for Christ,rhe8KhSxWGo
1258,Smurfs: The Lost Village,vu1qZCG6Yo8
1259,Going in Style,hcdTN5soeQw
1260,Colossal,fqcZtz8VXXE
1261,Gifted,x7CAjpdRaXU
1262,Aftermath,oUXUm6he2-s
1263,The Fate of the Furious,JwMKRevYa_M
1264,Spark,qA5XnuPf598
1265,The Lost City of Z,yqGDNvX1F4g
1266,Born in China,PGJh7Zhq6SE
1267,Unforgettable,iFXIBL617yc
1268,The Promise,zwut1DUXaZc
1269,The Circle,QUlr8Am4zQ0
1270,How to Be a Latin Lover,Tir_yK1kROg
1271,Sleight,jOBAoSy4oJI
1272,Guardians of the Galaxy Vol. 2,wX0aiMVvnvg
1273,King Arthur: Legend of the Sword,jIM4-HLtUM0
1274,Snatched,QcyeYFXdHNQ
1275,Lowriders,6k0mm_cxzy0
1276,The Wall,xpNLhb7cyd0
1277,Paris Can Wait,yXYuIzC7qcg
1278,Alien: Covenant,svnAD0TApb8
1279,Diary of a Wimpy Kid: The Long Haul,r7PLDbPPL7w
1280,"Everything, Everything",0LyEE7eR0nM
1281,Baywatch,eyKOgnaf0BU
1282,Pirates of the Caribbean: Dead Men Tell No Tales,Hgeu5rhoxxY
1283,Wonder Woman,VSB4wGIdDwo
1284,Captain Underpants: The First Epic Movie,VDm_2m-Hg6c
1285,Dean,UFdegugs9PQ
1286,The Mummy,IjHgzkQM2Sg
1287,It Comes at Night,6YOYHCBQn9g
1288,Cars 3,2LeOH9AGJQM
1289,Rough Night,kyIlMQvv-qk
1290,All Eyez on Me,nsrOCzUwcjE
1291,47 Meters Down,iVpCsTBH5WY
1292,The Book of Henry,Nd60i3ZnLOE
1293,Transformers: The Last Knight,6Vtf0MszgP8
1294,The Beguiled,iBoLK5z_FHo
1295,The Big Sick,jcD0Daqc3Yw
1296,The Bad Batch,7R8KdTSA_3E
1297,Baby Driver,zTvJJnoWIPk
1298,Okja,AjCebKn4iic
1299,Despicable Me 3,6DBi41reeF0
1300,The House,FK5OJse8haA
1301,Inconceivable,vse9mg7AnGM
1302,A Ghost Story,c_3NMtxeyfk
1303,Spider-Man: Homecoming,rk-dF1lIbIg
1304,War for the Planet of the Apes,JDcAlo8i2y8
1305,Wish Upon,Sp8GRrrbE-A
1306,Dunkirk,F-eMt3SrfFU
1307,Girls Trip,HnqkPpSn94Y
1308,First Kill,t719hhEdWJc
1309,Atomic Blonde,JIqcMl0hzXs
1310,The Emoji Movie,r8pJt4dK_s4
1311,An Inconvenient Sequel: Truth to Power,huX1bmfdkyA
1312,Detroit,d5h7Kgo-zeI
1313,The Dark Tower,GjwfqXTebIY
1314,Kidnap,cLD83jvbyz4
1315,Wind River,W7V9Fsll5qM
1316,Annabelle: Creation,KisPhy7T__Q
1317,The Nut Job 2: Nutty by Nature,nYif5QTYI9w
1318,Good Time,nrR-SbCRgCU
1319,The Hitman's Bodyguard,IpKmt4MpctM
1320,Logan Lucky,aPzvKH8AVf0
1321,Patti Cake$,L-591Dqa48g
1322,All Saints,IaMfIvCTY-o
1323,Film Stars Don't Die in Liverpool,43_KLNaEc6M
1324,Tulip Fever,2djWwOK0Im8
1325,It,hAUTdjf9rko
1326,Home Again,W1fklW6lESw
1327,Fallen,rJWx-oFBTG8
1328,American Assassin,5dfcQOBJ83A
1329,Mother!,XpICoc65uh0
1330,Kingsman: The Golden Circle,6Nxc-3WpMbg
1331,The Lego Ninjago Movie,sZSYYiATFTI
1332,Stronger,XkoM5r9LR14
1333,Battle of the Sexes,5AWP1K7FaFI
1334,Woodshock,RpscZ_YD-ns
1335,Jeepers Creepers 3,wPYvY4RoAvo
1336,American Made,AEBIJRAkujM
1337,Flatliners,a1S52y5ZVlY
1338,Blade Runner 2049,gCcx85zbxz4
1339,The Mountain Between Us,3jyzGKXBOxA
1340,My Little Pony: The Movie,aeQe_mZcyf8
1341,The Florida Project,WwQ-NH1rRT4
1342,Brawl in Cell Block 99,5hfAExhHTMM
1343,Happy Death Day,1NTaDm3atkc
1344,Marshall,IfvzEXhhWNk
1345,Breathe,JycCFypvgmI
1346,Geostorm,EuOlYPSEzSc
1347,Only the Brave,mQj4BkYf-HM
1348,The Snowman,c44kam_8N3I
1349,Boo 2! A Madea Halloween,feRTw6OK_Ks
1350,Same Kind of Different as Me,o1EsLulr2q4
1351,Wonderstruck,o1vV0oorclg
1352,Thank You for Your Service,50LQGcb5knE
1353,Suburbicon,IYga2m0V2O0
1354,Jigsaw,vPP6aIw1vgY
1355,All I See Is You,zTTaFg2Sq9Y
1356,Thor: Ragnarok,ue80QwXMRHg
1357,A Bad Moms Christmas,NGewN1G988o
1358,Lady Bird,cNi_HC839Wo
1359,Murder on the Orient Express,Mq4m3yAoW8E
1360,Daddy's Home 2,huaGQdrkrK0
1361,LBJ,xrnEp8WLH0g
1362,"Three Billboards Outside Ebbing, Missouri",Jit3YhGx5pU
1363,Mayhem,iJJGAInln0c
1364,Justice League,3cxixDgHUYw
1365,The Star,9NjvYZtwk00
1366,Wonder,ngiK1gQKgK8
1367,"Roman J. Israel, Esq.",CItEtnp3nPY
1368,Coco,xlnPHQ3TLX8
1369,Call Me by Your Name,Z9AYPxH5NTM
1370,The Disaster Artist,cMKX2tE5Luk
1371,The Shape of Water,XFYWazblaUA
1372,Wonder Wheel,VFM0UqX9MJ8
1373,"I, Tonya",OXZQ5DfSAAc
1374,Just Getting Started,lqDTpKAtxrs
1375,Star Wars: The Last Jedi,Q0CbN8sfihY
1376,Ferdinand,HBXVM7oUPVk
1377,Beyond Skyline,wCqP4d0tXb0
1378,Jumanji: Welcome to the Jungle,2QKg5SZ_35I
1379,The Greatest Showman,AXCTMGYUg9A
1380,Pitch Perfect 3,Hihto8onbUU
1381,Downsizing,UCrBICYM0yM
1382,Father Figures,59uWyPklsy0
1383,The Post,nrXlY6gzTTM
1384,Hostiles,1M5cj4UmscE
1385,All the Money in the World,KXHrCBkIxQQ
1386,Molly's Game,9v-pw0ZQRLY
1387,Phantom Thread,xNsiQMeSvMk
1388,Insidious: The Last Key,acQyrwQyCOk
1389,The Commuter,aDshY43Ol2U
1390,Proud Mary,kQ1Zcv54USA
1391,Freak Show,g3T1K-hI-9c
1392,12 Strong,-Denciie5oA
1393,Den of Thieves,HusPt_1-qto
1394,Forever My Girl,5iEOQn8UUHI
1395,Maze Runner: The Death Cure,4-BTxXm8KSg
1396,Winchester,0Juc2cL26mg
1397,Peter Rabbit,7Pa_Weidt08
1398,Fifty Shades Freed,yDEjsLFe_7w
1399,The 15:17 to Paris,IC_lnyn2R2Q
1400,Black Panther,xjDjIWPwcPU
1401,Game Night,qmxMAdV6s4U
1402,Annihilation,89OP78l9oF0
1403,Every Day,dRvKm__GrqU
1404,Red Sparrow,zpmAR4oRUXg
1405,Death Wish,HzILu6yyA20
1406,A Wrinkle in Time,UhZ56rcWwRQ
1407,Thoroughbreds,TPcV_3D3V2A
1408,The Strangers: Prey at Night,91-Z20uttEk
1409,The Hurricane Heist,56whWF2NJrM
1410,Tomb Raider,8ndhidEmUbI
1411,"Love, Simon",E0cbWdlQg_8
1412,I Can Only Imagine,fm_zzAMuvyQ
1413,Flower,qmYcbgJBv7s
1414,Pacific Rim Uprising,8BAhwgjMvnM
1415,Sherlock Gnomes,gwcdJXhngBw
1416,Unsane,u7KZrt_cHH0
1417,"Paul, Apostle of Christ",LyOqQZUDdO4
1418,Midnight Sun,fEskVQgtwaI
1419,Ready Player One,cSp1dM2Vj48
1420,Acrimony,wlpunOUxYSo
1421,A Quiet Place,WR7cc5t7tv8
1422,Blockers,RfFcaV5O7SU
1423,Chappaquiddick,f9pxPNsLN_s
1424,Rampage,coOKvrsmQiI
1425,Truth or Dare,Cgnk3MLw9TM
1426,The Rider,AlrWRttLTkg
1427,Sgt. Stubby: An American Hero,L2rekx-k5X0
1428,I Feel Pretty,cVx9EFK3DWE
1429,Super Troopers 2,o7DjjaKMt8A
1430,Traffik,ZJYgf1Zq4go
1431,The House of Tomorrow,JAwnkRhInwc
1432,Avengers: Infinity War,QwievZ1Tx-8
1433,Disobedience,HEVonh8bjC0
1434,Backstabbing for Beginners,P3GdyaVQ20I
1435,Overboard,ca_krBNpsJI
1436,Life of the Party,T1B1CxmAXLk
1437,Breaking In,DsDVOt3M7OM
1438,Deadpool 2,D86RtevtfrA
1439,Book Club,LDxgPIsv6sY
1440,First Reformed,hCF5Y8dQpR4
1441,Show Dogs,eT9eWtb7C4c
1442,Solo: A Star Wars Story,jPEYpryMp2s
1443,Action Point,ri1Cc3Yz09U
1444,Adrift,If2lCD0SQrE
1445,Upgrade,36PDeN9NRZ0
1446,Ocean's 8,MFWF9dU5Zc0
1447,Won't You Be My Neighbor?,FhwktRDG_aQ
1448,Hereditary,V6wWKNij_1M
1449,Hotel Artemis,JqfuKsoEEms
1450,Superfly,MQIvV800Atk
1451,Incredibles 2,i5qOzqD9Rms
1452,Tag,kjC1zmZo30U
1453,Gotti,UjLs5XkJ8vw
1454,Jurassic World: Fallen Kingdom,vn9mMeWcgoM
1455,The Domestics,IrcQhTm2h2I
1456,Sicario: Day of the Soldado,sIMChzE_aCo
1457,Uncle Drew,9H2SSvQ8ihA
1458,Woman Walks Ahead,qHR0AEDMg0M
1459,The First Purge,UL29y0ah92w
1460,Ant-Man and the Wasp,8_rTIAOohas
1461,Sorry to Bother You,PQKiRpiVRQM
1462,Hotel Transylvania 3: Summer Vacation,Ku52zNnft8k
1463,Skyscraper,t9QePUT-Yt8
1464,Eighth Grade,y8lFgF_IjPw
1465,"Don't Worry, He Won't Get Far on Foot",2BwxeOzSx8A
1466,Shock and Awe,CVdHJuVydb4
1467,Mamma Mia! Here We Go Again!,XcSMdhfKga4
1468,The Equalizer 2,HyNJ3UrGk_I
1469,Unfriended: Dark Web,XenTM_C9fxM
1470,Mission: Impossible – Fallout,XiHiW4N7-bo
1471,Teen Titans Go! To the Movies,r9WhJyyTtqo
1472,Christopher Robin,0URpDxIjZrQ
1473,The Darkest Minds,tN8o_E_f9FQ
1474,The Spy Who Dumped Me,CXkUaaVrB_s
1475,The Miseducation of Cameron Post,YZ0ZBXt6rZU
1476,Dog Days,fAfqqHwgI1U
1477,The Meg,udm5jUA-2bs
1478,BlacKkKlansman,pFc6I0rgmgY
1479,Slender Man,ySy8mcceTno
1480,Crazy Rich Asians,ZQ-YX-5bAs0
1481,Alpha,uIxnTi4GmCo
1482,Mile 22,eJU6S5KOsNI
1483,Billionaire Boys Club,r59Xcy8eWBI
1484,Down a Dark Hall,TwHoY2dVZLE
1485,The Happytime Murders,XF9Lyb5UJHo
1486,Searching,3Ro9ebQxEOY
1487,A.X.L.,--8nr2kt4uk
1488,Operation Finale,07Y4_6PD0Z4
1489,Kin,Ac5wrM2uYbk
1490,Destination Wedding,EbmOoPEOWLk
1491,The Nun,pzD9zGcUNrw
1492,Peppermint,sdL70wkf_H0
1493,The Predator,WaG1KZqrLvM
1494,White Boy Rick,qns48PtK2io
1495,A Simple Favor,rAqMlh0b2HU
1496,Unbroken: Path to Redemption,03R3dDa6x_Y
1497,The House with a Clock in Its Walls,oQGA42-U0Ro
1498,Life Itself,b5kwtJkUdpA
1499,The Sisters Brothers,3OwvqKwTKmE
1500,Assassination Nation,SS8Bz3yXxcc
1501,Little Italy,BcL6egAzRNM
1502,Fahrenheit 11/9,WRQv9xMQ3E0
1503,Smalltoes,Ndall5avikA
1504,Night School,t9QtXGirWf0
1505,The Old Man & the Gun,d7rlUe-Thvk
1506,Hell Fest,olBLvQ26_eM
1507,Venom,u9Mv98Gr5pY
1508,A Star Is Born,nSbzyEJ8X9E
1509,First Man,PSoRx87OO6k
1510,Bad Times at the El Royale,y7wzBVARwaU
1511,Goosebumps 2: Haunted Halloween,nQeOzfm-lps
1512,Beautiful Boy,y23HyopQxEg
1513,Gosnell: The Trial of America's Biggest Serial Killer,ttwkr8MM9Rk
1514,Halloween,ek1ePFp-nBI
1515,The Hate U Give,3MM8OkVT0hw
1516,Can You Ever Forgive Me?,UvJIaNsf_bY
1517,Mid90s,w9Rx6-GaSIE
1518,Hunter Killer,mnP_z3qXDCQ
1519,Johnny English Strikes Again,-Qv6p6pTz5I
1520,Suspiria,BY6QKRl56Ok
1521,Indivisible,hBQYgNVY7Xk
1522,Bohemian Rhapsody,mP0VHJYFOAU
1523,The Nutcracker and the Four Realms,BXfxLIuNJvw
1524,Nobody's Fool,MsFbMw9LO5M
1525,Boy Erased,-B71eyB_Onw
1526,A Private War,u4mHCilwdk0
1527,Bodied,oUry7CpMpCE
1528,The Front Runner,BAOYDcnVx6E
1529,The Grinch,vjnqABgxfO0
1530,The Girl in the Spider's Web,XKMSP9OKspQ
1531,Overlord,USPd0vX2sdc
1532,Fantastic Beasts: The Crimes of Grindelwald,vvFybpmyB9E
1533,Widows,nN2yBBSRC78
1534,Green Book,QkZxoko_HC0
1535,Instant Family,IUfZq3DUd3Y
1536,Ralph Breaks the Internet,T73h5bmD8Dc
1537,Creed II,u22BXhMu4tI
1538,Robin Hood,zwPn9ZnbCo0
1539,Roma,sKVYRtE-kXI
1540,The Favourite,SYb-wkehT1g
1541,The Possession of Hannah Grace,RHAgri92JP8
1542,Mary Queen of Scots,wnqjSgMU36U
1543,Ben Is Back,oXM1MSmWJLA
1544,Spider-Man: Into the Spider-Verse,g4Hbz2jLxvQ
1545,Mortal Engines,IRsFc2gguEg
1546,The Mule,N_QksSzK7sI
1547,If Beale Street Could Talk,CQXSforT_qQ
1548,Mary Poppins Returns,-3jsfXDZLIY
1549,Aquaman,WDkg3h8PCVU
1550,Bumblebee,lcwmDAYt22k
1551,Welcome to Marwen,W6dy7xQ8NeE
1552,Second Act,YsVo5necW6Q
1553,Holmes & Watson,brjkpRBpFnc
1554,Vice,g09a9laLh0k
1555,On the Basis of Sex,28dHbIR_NB4
1556,Destroyer,9g-j4wuEOPo
1557,Escape Room,6dSKUoV0SNI
1558,A Dog's Way Home,1pKdCHvH310
1559,The Upside,EWw7rCHcduQ
1560,Replicas,bKdpGHazAqs
1561,Glass,95ghQs5AmNk
1562,The Kid Who Would Be King,Cg-h8TwQCgs
1563,Serenity,k3zMlsEK8xA
1564,Miss Balasubramaniam,IW9i3bJ8bkU
1565,The Lego Movie 2: The Second Part,cksYkEzUa7k
1566,What Men Want,HeoLiTirRp4
1567,Cold Pursuit,0phuNQQ_gHI
1568,The Prodigy,BC4cyYRxjFk
1569,Isn't It Romantic,8ZwgoVmILQU
1570,Happy Death Day 2U,MT9MBytHuOI
1571,Alita: Battle Angel,w7pYhpJaJW8
1572,How to Train Your Dragon: The Hidden World,SkcucKDrbOI
1573,Fighting with My Family,WqF3VTv0cqU
1574,A Madea Family Funeral,id61hcbdMZA
1575,Captain Marvel,Z1BCujX3pw8
1576,The Kid,qpMyCaQGlqU
1577,Wonder Park,VML6rQWssSk
1578,Nancy Drew and the Hidden Staircase,knPrLVBn93w
1579,Captive State,i68xCzI406A
1580,Five Feet Apart,XtgCqMZofqM
1581,Triple Threat,DovnHrIwfTY
1582,Us,1qEQmpprzSM
1583,Hotel Mumbai,A8IxhVslvro
1584,Dragged Across Concrete,m2wuyXSJ6ro
1585,Dumbo,7NiYVoqBt-8
1586,The Beach Bum,qSALRP1mZNQ
1587,Unplanned,gBLWpKbC3ww
1588,Shazam!,go6GEIrcvFY
1589,Pet Sematary,VllcgXSIJkE
1590,The Best of Enemies,eKM6fSTs-A0
1591,Hellboy,dt5g5_1cKVk
1592,Little,Qz65no3WnJk
1593,Missing Link,-6jCNhebfg8
1594,After,g99KPOpqZ4Q
1595,Breakthrough,go1jaIRQc-o
1596,The Curse of La Llorona,uOV-xMYQ7sk
1597,Under the Silver Lake,mwgUesU1pz4
1598,Avengers: Endgame,TcMBFSGVi1c
1599,Body at Brighton Rock,pXww9NuqUDU
1600,Long Shot,ZKsc2I4Tgsk
1601,The Intruder,aKXvex7b1Ew
1602,UglyDolls,qjoomsFNgwg
1603,Pokémon Detective Pikachu,1roy4o4tqQM
1604,The Hustle,_j5hwooOHVE
1605,Tolkien,jq2MFEGJ_Sw
1606,Poms,-9PypHxfY_M
1607,The Professor and the Madman,g6Pn-6MOXPs
1608,John Wick: Chapter 3 – Parabellum,M7XM597XO94
1609,A Dog's Journey,A2FrrSyyKfA
1610,Brightburn,g6eB0JT1DI4
1611,Booksmart,S0Mb6BgnhS0
1612,Godzilla: King of the Monsters,QFxN2oDKk0E
1613,Rocketman,S3vO8E2e6G0
1614,Ma,eIvbEC8N3cA
1615,Dark Phoenix,1-q8C_c-nlM
1616,The Secret Life of Pets 2,mYocfuqu2A8
1617,Late Night,DxefiCjQirw
1618,The Last Black Man in San Francisco,C0FnJDhY9-0
1619,Men in Black: International,BV-WEb2oxLk
1620,Shaft,lD41XdWcmbY
1621,Toy Story 4,wmiIUN-7qhE
1622,Anna,sOYeBlgQdFg
1623,Child's Play,PeHNLikDiVw
1624,Annabelle Comes Home,bCxm7cTpBAs
1625,Spider-Man: Far From Home,Nt9L1jCKGnE
1626,Escape Plan: The Extractors,YyL75IBXocE
1627,Midsommar,1Vnghdsjmd0
1628,Stuber,i5l6a5RiR1E
1629,Crawl,H6MLJG0RdDE
1630,The Farewell,RofpAjqwMa8
1631,The Lion King,7TavVZMewpY
1632,Once Upon a Time...in Hollywood,ELeMaP8EPAA
1633,Hobbs & Shaw,9SA7FaKxZVI
1634,Dora and the Lost City of Gold,gUTtJjV852c
1635,The Kitchen,fgit74aVAvM
1636,The Art of Racing in the Rain,Dp2ufFO4QGg
1637,Scary Stories to Tell in the Dark,Vlya92LZqZw
1638,The Peanut Butter Falcon,UNl9RqjLCwc
1639,The Angry Birds Movie 2,RSKQ-lVsMdg
1640,Good Boys,zPXqwAGmX04
1641,Blinded by the Light,f1YFA_J5JBU
1642,"Where'd You Go, Bernadette",Em1onUCArxs
1643,47 Meters Down: Uncaged,zF3lM_EPh2U
1644,Ready or Not,ZtYTwUxhAoI
1645,Angel Has Fallen,XF8h3hOGBJM
1646,Overcomer,Le05vmahdXQ
1647,Don't Let Go,RB-_oNDH0d8
1648,It Chapter Two,xhJ5P7Up3jA
1649,The Goldfinch,IcG06hZooHM
1650,Hustlers,EpyogCVnI6Q
1651,Monos,55a7hDqPREY
1652,Ad Astra,P6AaSMfXHbA
1653,Downton Abbey,tu3mP0c51hE
1654,Rambo: Last Blood,4vWg5yJuWfs
1655,Abominable,Ap0NRJD-2ts
1656,Judy,HU2GJwkH71M
1657,Joker,zAGVQLHvwOY
1658,Lucy in the Sky,vQP-L2pJzmk
1659,Gemini Man,AbyJignbSj0
1660,The Addams Family,c95edsw17QE
1661,Jexi,8UqXUwgl15k
1662,Polaroid,0WxmMARNQRc
1663,El Camino: A Breaking Bad Movie,1JLUn2DFW4w
1664,Maleficent: Mistress of Evil,n0OFH4xpPr4
1665,Zombieland: Double Tap,ZlW9yhUKlkQ
1666,Jojo Rabbit,tL4McUzXfFI
1667,The Lighthouse,Hyag7lR8CPA
1668,Black and Blue,QCfSeVCr7ng
1669,The Current War,2FTxKFsWz60
1670,Countdown,S6O4iy3Twwo
1671,Terminator: Dark Fate,oxy8udgWRmo
1672,Motherless Brooklyn,Fru8IkuDp_k
1673,The Irishman,WHXxVmeGQUc
1674,Harriet,GqoEs4cG6Uw
1675,Arctic Dogs,wQTDfl2rpqg
1676,Marriage Story,BHi-a1n8t7M
1677,Doctor Sleep,BOzFZxB-8cw
1678,Last Christmas,z9CEIcmWmtA
1679,Playing with Fire,fd5GlZUpfaM
1680,Midway,BfTYY_pac8o
1681,Honey Boy,5RR8WTQzwSk
1682,Ford v Ferrari,zyYgDtY2AMY
1683,Charlie's Angels,RSUq4VfWfjE
1684,The Good Liar,ljKzFGpPHhw
1685,The Report,x79Gf4cJDDE
1686,Waves,V5z3cr8AB5g
1687,Frozen 2,Zi4LMpSDccc
1688,A Beautiful Day in the Neighborhood,-VLEPhfEN2M
1689,21 Bridges,qaZoSTG10lw
1690,Knives Out,qGqiHJTsRkQ
1691,Queen & Slim,G6Th84oGDno
1692,Playmobil: The Movie,xgyP9GG9Ecw
1693,The Aeronauts,Rm4VnwCtQO8
1694,Jumanji: The Next Level,rBxcF-r9Ibs
1695,Richard Jewell,gSMxBLlA8qY
1696,Black Christmas,gF4yRYbo1WE
1697,Bombshell,0rBnkBIhoFE
1698,Uncut Gems,vTfJp2Ts9X8
1699,Seberg,Tck5EBUTeoc
1700,A Hidden Life,qJXmdY4lVR0
1701,Star Wars: The Rise of Skywalker,8Qn_spdM5Zg
1702,Cats,FtSd844cI7U
1703,Spies in Disguise,A05s7OM-8Oc
1704,Little Women,AST2-4db4ic
1705,1917,YqNYrYUiMfg
1706,Just Mercy,GVQbeG5yW78
1707,The Grudge,O2NKzO-fxwQ
1708,Underwater,jCFWEzIVILc
1709,Like a Boss,9ESkyRFEso4
1710,Bad Boys for Life,jKCj3XuPG8M
1711,Dolittle,FEf412bSPLs
1712,The Gentlemen,2B0RpUGss2c
1713,The Turning,rl33gU2APIs
1714,The Last Full Measure,Go8zI2sytEc
1715,The Rhythm Section,0Uq_5bYGYoY
1716,Gretel & Hansel,QZblQLhKcZQ
1717,The Assistant,igzHiImUejc
1718,Birds of Prey (and the Fantabulous Emancipation of One Harley Quinn),kGM4uYZzfu0
1719,Fantasy Island,a6O30nJ02PU
1720,The Photograph,BZulYPti89M
1721,The Call of the Wild,5P8R2zAhEwg
1722,Emma.,qsOwj0PR5Sk
1723,Brahms: The Boy II,A6caADGf8mw
1724,Impractical Jokers: The Movie,IQQ8_VVR4TA
1725,The Invisible Man,dSBsNeYqh-k
1726,Wendy,KKktQFFcXL0
1727,Onward,gn5QmllRCn4
1728,The Way Back,VzNJVSsjE-I
1729,First Cow,SRUWVT87mt8
1730,Bloodshot,vOUVVDWdXbo
1731,The Hunt,xoWmwsPU5cQ
1732,I Still Believe,7Za7-Q8YURM
1733,Never Rarely Sometimes Always,hjw_QTKr2rc
1734,Trolls World Tour,yP86-TR6IME
1735,The Wretched,dGQidrBQ-gs
1736,Capone,2J5OE16C_zY
1737,Scoob!,C9U_v_KuEb4
1738,The High Note,Z-CgtYiQfSA
1739,The King of Staten Island,azkVr0VUSTA
1740,My Spy,pfAhQSz-j_o
1741,Money Plane,aETz_dRDEys
1742,Palm Springs,CpBLtXduh_k
1743,Animal Crackers,6yrtrDjmw5c
1744,The Rental,MGdcTUMGxB0
1745,The Secret: Dare to Dream,Mf3-oCDdTzQ
1746,An American Pickle,tHsqU8yK3Nc
1747,The Tax Collector,eqFnDz_Uu1c
1748,The SpongeBob Movie: Sponge on the Run,hXNisXWt_2w
1749,Unhinged,vdxDXoODKN8
1750,Cut Throat City,l1dM85mn_QE
1751,Words on Bathroom Walls,4E1-RnpOe8Q
1752,Bill & Ted Face the Music,1gPGeAYo3yU
1753,The New Mutants,W_vJhUAOFpI
1754,The Personal History of David Copperfield,xXh53I-Sdsk
1755,Centigrade,0RvV7TNUlkQ
1756,Tenet,L3pk_TBkihU
1757,Mulan,KK8FHdFluOQ
1758,The Broken Hearts Gallery,7aokhRzwlJI
1759,The Secrets We Keep,kGKX5rzRMho
1760,The Trial of the Chicago 7,FVb6EdKDBfU
1761,The Glorias,ekvAOSEwBNk
1762,The War with Grandpa,X0K5cA2hS6g
1763,A Rainy Day in New York,yIVRldiVDL8
1764,Love and Monsters,-19tBHrZwOM
1765,Honest Thief,ZUIEOMOxIDo
1766,2 Hearts,hcZKctOWsgI
1767,After We Collided,wu6wjmEa_1U
1768,The Empty Man,tk6u9X1bW30
1769,The Craft: Legacy,J60ueFp-jv8
1770,Come Play,LQwiqhdMQ7g
1771,Let Him Go,bE8pwEF-3TI
1772,The Informer,jUakWaEpCmY
1773,Hillbilly Elegy,KW_3aaoSOYg
1774,Mank,aSfX-nrg-lI
1775,Freaky,EqPnIcDW9g0
1776,Fatman,y2IDILXUE-k
1777,Run,0Dhh7q9Us5c
1778,Sound of Metal,VFOrGkAvjAE
1779,Jiu Jitsu,ywhTeWg8970
1780,The Croods: A New Age,GkXeVIfbJOw
1781,All My Life,mWyJvohEFj8
1782,The Midnight Sky,DXUUqr3AFKs
1783,Songbird,IgxXSfto6Vo
1784,Wild Mountain Thyme,kadUgcIxODM
1785,Monster Hunter,3od-kQMTZ9M
1786,Greenland,vz-gdEL_ae8
1787,Skylines,MuuqzLwgMhY
1788,Wonder Woman 1984,XW2E2Fnh52w
1789,Soul,xOsLIiBStEs
1790,News of the World,zTZDb_iKooI
1791,Promising Young Woman,7i5kiFDunk8
1792,Locked Down,mepeWor5JPk
1793,The Marksman,lEBPNi4bEbc
1794,Our Friend,GTWqGLnOxtA
1795,The Little Things,1HZAnkxdYuA
1796,Nomadland,6sxCFZ8_d84
1797,Son of the South,x0IjvDWw0i4
1798,Music,aMcmfonGWY4
1799,Judas and the Black Messiah,sSjtGqRXQ9Y
1800,Minari,KQ0gFidlro8
1801,Willy's Wonderland,0v27rfaoB2Y
1802,Silk Road,LBOBuqBzn7w
1803,Tom & Jerry,kP9TfCWaQT4
1804,Raya and the Last Dragon,1VIZ89FEjYI
1805,Chaos Walking,nRf4ZgzHoVw
1806,Boss Level,PGHD0bqjZWQ
1807,Long Weekend,820j10lEAec
1808,Nobody,wZti8QKBWPo
1809,Godzilla vs. Kong,odM92ap8_c0
1810,The Unholy,NmQiJPLYzPI
1811,Shiva Baby,8uT1M9WfqYA
1812,The Girl Who Believes in Miracles,aH6b6P18D34
1813,Voyagers,EwJkexUBSeg
1814,Mortal Kombat,QJHY4ggYCk4
1815,Wrath of Man,EFYEni2gsK0
1816,Mainstream,Rlpm36Vi-3U
1817,Army of the Dead,tI1JGPhYBS8
1818,Spiral: From the Book of Saw,gzy6ORqE9IY
1819,A Quiet Place Part II,BpdDN9d9Jio
1820,Cruella,gmRKv7n2If8
1821,Spirit Untamed,9jG1nnQGpdI
1822,The Conjuring: The Devil Made Me Do It,h9Q4zZS2v1k
1823,Peter Rabbit 2: The Runaway,euGHcnyUo84
1824,In the Heights,U0CL-ZSuCrQ
1825,Wish Dragon,uWIRyU5fuzU
1826,The Misfits,lxhMLjt83KQ
1827,The House Next Door: Meet the Blacks 2,NbQqQhUPESU
1828,Queen Bees,KEGnA3VVvOU
1829,Hitman's Wife's Bodyguard,3Z2FxVT6LIE
1830,F9,aSiDu3Ywi8E
1831,Werewolves Within,Kpj1VOJWf98
1832,Zola,24KbaKlCDDI
1833,The Tomorrow War,QPistcpGB8o
1834,The Boss Baby: Family Business,QPzy8Ckza08
1835,The Forever Purge,xOrXpK-rUaI
1836,Black Widow,ybji16u608U
1837,Gunpowder Milkshake,H7ZrjXuNgmA
1838,Space Jam: A New Legacy,olXYZOsXw_o
1839,Escape Room: Tournament of Champions,KlfUbZJVInA
1840,Die in a Gunfight,1kw7Nv1mIF8
1841,Snake Eyes: G.I. Joe Origins,Vd2sm63Xwfw
1842,Old,A4U2pMRV9_k
1843,Jungle Cruise,f_HvoipFcA8
1844,Stillwater,9cq1lPPeMUY
1845,The Green Knight,sS6ksY8xWCY
1846,Nine Days,A73FnWETvr8
1847,The Suicide Squad,JuDLepNa7hw
1848,Free Guy,JORN2hkXLyM
1849,Respect,qTtxoz3OIlU
1850,Don't Breathe 2,gRbG2tjHYCA
1851,CODA,0pmfrE1YL4I
1852,Reminiscence,_BggT--yxf0
1853,Demonic,EYXLKC5xd7Q
1854,Candyman,ikDJlfuU758
1855,Shang-Chi and the Legend of the Ten Rings,giWIr7U1deA
1856,Malignant,Gczt0fhawDs
1857,Queenpins,UFt679TNhpg
1858,Cry Macho,JVc8SI5CAKw
1859,Copshop,ezHiQwwzEjU
1860,Dear Evan Hansen,g_c_Jd-hP-s
1861,Venom: Let There Be Carnage,-FmWuCgJmxo
1862,The Many Saints of Newark,dHa95iy2lF0
1863,The Addams Family 2,Kd82bSBDE84
1864,No Time to Die,BIhNsAtPbPI
1865,Mass,oU56Ns1nXsE
1866,Halloween Kills,hL6R3HmQfPc
1867,The Last Duel,mgygUwPJvYk
1868,Dune,8g18jFHCLXk
1869,The French Dispatch,TcPk2p0Zaw4
1870,The Harder They Fall,Poc55U2RPMw
1871,A Mouthful of Air,XSiHVciLRrw
1872,Heart of Champions,sM-sndlCkuQ
1873,Eternals,x_me3xsvDgk
1874,Spencer,ORvPh_gdD_M
1875,The Beta Test,R7cUSsLjdM0
1876,Clifford the Big Red Dog,4zH5iYM4wJo
1877,The Power of the Dog,LRDPo0CHrko
1878,Ghostbusters: Afterlife,ahZFCF--uRY
1879,King Richard,BKP_0z52ZAw
1880,C'mon C'mon,FM4eeSzyN4g
1881,Encanto,CaimKeDcudo
1882,House of Gucci,pGi3Bgn7U5U
1883,Resident Evil: Welcome to Raccoon City,4q6UGCyHZCI
1884,Licorice Pizza,o_hRNmlk80g
1885,West Side Story,A5GJLwWiYSg
1886,Don't Look Up,RbIxYm3mKzI
1887,National Champions,I3imoS5OcCw
1888,Red Rocket,57IlM5xaHvA
1889,Spider-Man: No Way Home,JfVOs4VSpmA
1890,Nightmare Alley,Q81Yf46Oj3s
1891,The Lost Daughter,xNq9YOfL0Zs
1892,Sing 2,EPZu5MA2uqI
1893,The Matrix Resurrections,9ix7TUGVYIo
1894,The King's Man,5zdBG-iGfes
1895,A Journal for Jordan,FOzrXqf5pvE
1896,American Underdog,_6rn-6lKBJ8
1897,The 355,SV0s2S9reT0
1898,American Siege,AdI6ea_0T0s
1899,Scream,beToTslH17s
1900,Hotel Transylvania: Transformania,7AP86CYeR30
1901,Redeeming Love,_8RIlIOd_us
1902,The King's Daughter,NjGSWdmVVHM
1903,The Tiger Rising,LX6QGUH-Wi8
1904,Jackass Forever,FNq-QT2Jpng
1905,Moonfall,ivIwdQBlS10
1906,Death on the Nile,dZRqB0JLizw
1907,Marry Me,Ebv9_rNb5Ig
1908,Blacklight,PE04ESdgnHI
1909,Uncharted,eHp3MbsCbMg
1910,Dog,V4tAtp-TyzQ
1911,Cyrano,5e8apSFDXsQ
1912,The Batman,mqqft2x_Aa4
1913,After Yang,Kwp32zLc08c
1914,A Day to Die,fBvILPcuFy4
1915,Turning Red,XdKzUbAiswE
1916,The Outfit,3UgJL23HxyU
1917,X,a3BGwLxfd74
1918,Alice,_YlQa7j0BTU
1919,The Lost City,nfKO9rYDmE8
1920,Everything Everywhere All at Once,wxN1T1uxQ2g
1921,Morbius,oZ6iiRrz1SY
1922,Sonic the Hedgehog 2,G5kzUpWAusI
1923,Ambulance,7NU-STboFeI
1924,Father Stu,DHREzAdyCPs
1925,Fantastic Beasts: The Secrets of Dumbledore,Y9dr2zw-TXQ
1926,Dual,CpZkNQ0E4YI
1927,The Bad Guys,m8Xt0yXaDPU
1928,The Northman,oMSdFM12hOw
1929,The Unbearable Weight of Massive Talent,CKTRbKch2K4
1930,Doctor Strange in the,aWzlQ2N6qqg
1931,Operation Mincemeat,zwkSyrN0mvY
1932,Firestarter,59MJfJPP5eo
1933,Downton Abbey: A New Era,wN0Spmq610Q
1934,Chip 'n Dale: Rescue Rangers,mKEgYkoZh60
1935,Top Gun: Maverick,giXco2jaZ_4
1936,The Bob's Burgers Movie,hbGXqUumtqg
1937,Watcher,kpebJezzK30
1938,Jurassic World Dominion,fb5ELWi-ekk
1939,Lightyear,BwZs3H_UN3k
1940,Elvis,wBDLRvjHVOY
1941,The Black Phone,3eGP6im8AZA
1942,Minions: The Rise of Gru,6DxjJzmYsXo
1943,Thor: Love and Thunder,Go8nTmfrQd8
1944,The Gray Man,BmllggGO4pM
1945,Where the Crawdads Sing,PY3808Iq0Tg
1946,Paws of Fury: The Legend of Hank,A_hkjvjx2ek
1947,Nope,In8fuzj3gck
1948,DC League of Super-Pets,1jkw2JPCl18
1949,Bullet Train,0IOsk2Vlc4o
1950,Easter Sunday,YIixb42aJPg
1951,Mack & Rita,c8LD5hvE8vo
1952,Fall,iSspRSGc4Dk
1953,Emily the Criminal,Xzf1YCEkLDI
1954,Beast,oQMc7Sq36mI
1955,Three Thousand Years of Longing,TWGvntl9itE
1956,The Invitation,5bL1ftuxgOE
1957,Barbarian,Dr89pmKrqkI
1958,Clerks III,uD3n3GM3Z_0
1959,The Woman King,3RDaPV_rJ1Y
1960,Pearl,L5PW5r3pEOg
1961,"Confess, Fletch",pb2Pu5EjC1s
1962,Running the Bases,g0nlx_Fjdlk
1963,Don't Worry Darling,SZ2elR3OmWI
1964,Smile,BcDK7lkzzsU
1965,Bros,BQIeBB9XMe8
1966,Terrifier 2,d4m9WCxb-J8
1967,"Lyle, Lyle, Crocodile",s0W6O7mSlaU
1968,Amsterdam,GLs2xxM0e78
1969,Tár,Na6gA1RehsU
1970,Halloween Ends,i_mAWKyfj6c
1971,Till,rkQi6GBwmSA
1972,Black Adam,X0tOpBuYasI
1973,Ticket to Paradise,hkP4tVTdsz8
1974,The Banshees of Inisherin,uRu3zLOJN2c
1975,Armageddon Time,ZKLu3t-G9Do
1976,The Estate,tEu2xJ4c54A
1977,Guillermo del Toro's Pinocchio,Od2NW1sfRdA
1978,Black Panther: Wakanda Forever,_Z3QKkl1WyM
1979,The Fabelmans,D1G2iLSzOe8
1980,She Said,i5pxUQecM3Y
1981,The Menu,C_uTkUGcHv4
1982,Bones and All,0Nu7Z9AxGNg
1983,The Inspection,wSeprzQM6gk
1984,Strange World,bKh2G73gCCs
1985,Glass Onion: A Knives Out Mystery,gj5ibYSz8C0
1986,Devotion,NCDEGP6VjYY
1987,White Noise,SgwKZAMx_gM
1988,Violent Night,a53e4HHnx_s
1989,The Whale,nWiQodhMvz4
1990,Avatar: The Way of Water,a8Gx8wiNbs8
1991,Puss in Boots: The Last Wish,RqrXhwS33yc
1992,Babylon,5muQK7CuFtY
1993,Whitney Houston: I Wanna Dance with Somebody,9tfemzaMkoU
1994,A Man Called Otto,eFYUX9l-m5I
